<?xml version="1.0"?>
<opencv_storage>
<cascade>
  <stageType>BOOST</stageType>
  <featureType>HAAR</featureType>
  <height>8</height>
  <width>8</width>
  <stageParams>
    <boostType>GAB</boostType>
    <minHitRate>9.9900001287460327e-01</minHitRate>
    <maxFalseAlarm>3.4999999403953552e-01</maxFalseAlarm>
    <weightTrimRate>9.4999999999999996e-01</weightTrimRate>
    <maxDepth>1</maxDepth>
    <maxWeakCount>100</maxWeakCount></stageParams>
  <featureParams>
    <maxCatCount>0</maxCatCount>
    <featSize>1</featSize>
    <mode>BASIC</mode></featureParams>
  <stageNum>10</stageNum>
  <stages>
    <!-- stage 0 -->
    <_>
      <maxWeakCount>1</maxWeakCount>
      <stageThreshold>7.6237624883651733e-01</stageThreshold>
      <weakClassifiers>
        <_>
          <internalNodes>
            0 -1 17 -1.8661546707153320e-01</internalNodes>
          <leafValues>
            7.6237624883651733e-01 -1.</leafValues></_></weakClassifiers></_>
    <!-- stage 1 -->
    <_>
      <maxWeakCount>2</maxWeakCount>
      <stageThreshold>-4.7110962867736816e-01</stageThreshold>
      <weakClassifiers>
        <_>
          <internalNodes>
            0 -1 8 2.7103948593139648e-01</internalNodes>
          <leafValues>
            -9.8290598392486572e-01 7.2549021244049072e-01</leafValues></_>
        <_>
          <internalNodes>
            0 -1 1 2.3468470573425293e-01</internalNodes>
          <leafValues>
            -9.0562534332275391e-01 5.1179635524749756e-01</leafValues></_></weakClassifiers></_>
    <!-- stage 2 -->
    <_>
      <maxWeakCount>2</maxWeakCount>
      <stageThreshold>-2.3817457258701324e-01</stageThreshold>
      <weakClassifiers>
        <_>
          <internalNodes>
            0 -1 4 5.3012095391750336e-02</internalNodes>
          <leafValues>
            -8.4347826242446899e-01 5.3846156597137451e-01</leafValues></_>
        <_>
          <internalNodes>
            0 -1 5 9.4132229685783386e-02</internalNodes>
          <leafValues>
            -7.7663612365722656e-01 6.4801138639450073e-01</leafValues></_></weakClassifiers></_>
    <!-- stage 3 -->
    <_>
      <maxWeakCount>3</maxWeakCount>
      <stageThreshold>-3.2443560659885406e-02</stageThreshold>
      <weakClassifiers>
        <_>
          <internalNodes>
            0 -1 7 1.7984673380851746e-01</internalNodes>
          <leafValues>
            -8.6324787139892578e-01 5.8823531866073608e-01</leafValues></_>
        <_>
          <internalNodes>
            0 -1 29 -2.0067734643816948e-02</internalNodes>
          <leafValues>
            4.3145722150802612e-01 -8.9430969953536987e-01</leafValues></_>
        <_>
          <internalNodes>
            0 -1 2 2.1358845755457878e-02</internalNodes>
          <leafValues>
            -9.0201783180236816e-01 3.9934709668159485e-01</leafValues></_></weakClassifiers></_>
    <!-- stage 4 -->
    <_>
      <maxWeakCount>5</maxWeakCount>
      <stageThreshold>-6.0644537210464478e-01</stageThreshold>
      <weakClassifiers>
        <_>
          <internalNodes>
            0 -1 13 2.2451221942901611e-01</internalNodes>
          <leafValues>
            -9.7530865669250488e-01 2.7536231279373169e-01</leafValues></_>
        <_>
          <internalNodes>
            0 -1 6 2.6126897335052490e-01</internalNodes>
          <leafValues>
            -5.8237469196319580e-01 6.9637173414230347e-01</leafValues></_>
        <_>
          <internalNodes>
            0 -1 23 5.7446993887424469e-03</internalNodes>
          <leafValues>
            3.5511952638626099e-01 -9.7866982221603394e-01</leafValues></_>
        <_>
          <internalNodes>
            0 -1 27 -1.3001844286918640e-01</internalNodes>
          <leafValues>
            3.6520332098007202e-01 -8.5953855514526367e-01</leafValues></_>
        <_>
          <internalNodes>
            0 -1 20 7.5827017426490784e-02</internalNodes>
          <leafValues>
            -1. 2.3091509938240051e-01</leafValues></_></weakClassifiers></_>
    <!-- stage 5 -->
    <_>
      <maxWeakCount>3</maxWeakCount>
      <stageThreshold>4.6649575233459473e-02</stageThreshold>
      <weakClassifiers>
        <_>
          <internalNodes>
            0 -1 24 -4.5939303934574127e-02</internalNodes>
          <leafValues>
            8.0327868461608887e-01 -5.6962025165557861e-01</leafValues></_>
        <_>
          <internalNodes>
            0 -1 21 8.4037538617849350e-03</internalNodes>
          <leafValues>
            3.8892036676406860e-01 -1.</leafValues></_>
        <_>
          <internalNodes>
            0 -1 15 1.1511814594268799e-01</internalNodes>
          <leafValues>
            -9.3583667278289795e-01 2.2734944522380829e-01</leafValues></_></weakClassifiers></_>
    <!-- stage 6 -->
    <_>
      <maxWeakCount>3</maxWeakCount>
      <stageThreshold>-1.0780158638954163e-01</stageThreshold>
      <weakClassifiers>
        <_>
          <internalNodes>
            0 -1 11 1.1003818362951279e-01</internalNodes>
          <leafValues>
            -6.7164176702499390e-01 5.7647061347961426e-01</leafValues></_>
        <_>
          <internalNodes>
            0 -1 12 4.0180839598178864e-02</internalNodes>
          <leafValues>
            -9.3063610792160034e-01 3.0230996012687683e-01</leafValues></_>
        <_>
          <internalNodes>
            0 -1 0 1.0284704156219959e-02</internalNodes>
          <leafValues>
            2.6153022050857544e-01 -1.</leafValues></_></weakClassifiers></_>
    <!-- stage 7 -->
    <_>
      <maxWeakCount>7</maxWeakCount>
      <stageThreshold>-4.1325250267982483e-01</stageThreshold>
      <weakClassifiers>
        <_>
          <internalNodes>
            0 -1 9 5.1138300448656082e-02</internalNodes>
          <leafValues>
            -5.0303030014038086e-01 7.7777779102325439e-01</leafValues></_>
        <_>
          <internalNodes>
            0 -1 18 -5.8686889708042145e-02</internalNodes>
          <leafValues>
            6.2385559082031250e-01 -5.0303542613983154e-01</leafValues></_>
        <_>
          <internalNodes>
            0 -1 28 7.6669663190841675e-02</internalNodes>
          <leafValues>
            -7.8133076429367065e-01 3.6068144440650940e-01</leafValues></_>
        <_>
          <internalNodes>
            0 -1 16 8.4006963297724724e-03</internalNodes>
          <leafValues>
            3.0956438183784485e-01 -9.2526924610137939e-01</leafValues></_>
        <_>
          <internalNodes>
            0 -1 14 4.1688170284032822e-02</internalNodes>
          <leafValues>
            2.8907036781311035e-01 -8.2406634092330933e-01</leafValues></_>
        <_>
          <internalNodes>
            0 -1 19 3.2530806958675385e-02</internalNodes>
          <leafValues>
            -8.3951783180236816e-01 2.7456679940223694e-01</leafValues></_>
        <_>
          <internalNodes>
            0 -1 30 -6.4111119136214256e-03</internalNodes>
          <leafValues>
            -6.1145120859146118e-01 5.0094246864318848e-01</leafValues></_></weakClassifiers></_>
    <!-- stage 8 -->
    <_>
      <maxWeakCount>4</maxWeakCount>
      <stageThreshold>-4.2844909429550171e-01</stageThreshold>
      <weakClassifiers>
        <_>
          <internalNodes>
            0 -1 25 -1.0313082486391068e-02</internalNodes>
          <leafValues>
            8.0821919441223145e-01 -6.8493151664733887e-01</leafValues></_>
        <_>
          <internalNodes>
            0 -1 31 -7.4615022167563438e-03</internalNodes>
          <leafValues>
            -7.4211305379867554e-01 5.5201971530914307e-01</leafValues></_>
        <_>
          <internalNodes>
            0 -1 3 -1.8993377685546875e-02</internalNodes>
          <leafValues>
            5.8431911468505859e-01 -6.1715269088745117e-01</leafValues></_>
        <_>
          <internalNodes>
            0 -1 26 -2.9304975271224976e-01</internalNodes>
          <leafValues>
            -9.8999732732772827e-01 4.1427636146545410e-01</leafValues></_></weakClassifiers></_>
    <!-- stage 9 -->
    <_>
      <maxWeakCount>2</maxWeakCount>
      <stageThreshold>1.5267175622284412e-02</stageThreshold>
      <weakClassifiers>
        <_>
          <internalNodes>
            0 -1 10 -6.8036422133445740e-02</internalNodes>
          <leafValues>
            -9.8473280668258667e-01 1.</leafValues></_>
        <_>
          <internalNodes>
            0 -1 22 2.9129189252853394e-01</internalNodes>
          <leafValues>
            1. -8.9928054809570312e-01</leafValues></_></weakClassifiers></_></stages>
  <features>
    <_>
      <rects>
        <_>
          0 0 1 2 -1.</_>
        <_>
          0 1 1 1 2.</_></rects>
      <tilted>0</tilted></_>
    <_>
      <rects>
        <_>
          0 0 6 4 -1.</_>
        <_>
          0 2 6 2 2.</_></rects>
      <tilted>0</tilted></_>
    <_>
      <rects>
        <_>
          0 3 2 2 -1.</_>
        <_>
          1 3 1 2 2.</_></rects>
      <tilted>0</tilted></_>
    <_>
      <rects>
        <_>
          0 3 2 4 -1.</_>
        <_>
          0 3 1 2 2.</_>
        <_>
          1 5 1 2 2.</_></rects>
      <tilted>0</tilted></_>
    <_>
      <rects>
        <_>
          0 5 6 1 -1.</_>
        <_>
          2 5 2 1 3.</_></rects>
      <tilted>0</tilted></_>
    <_>
      <rects>
        <_>
          1 1 6 1 -1.</_>
        <_>
          3 1 2 1 3.</_></rects>
      <tilted>0</tilted></_>
    <_>
      <rects>
        <_>
          1 1 6 2 -1.</_>
        <_>
          3 1 2 2 3.</_></rects>
      <tilted>0</tilted></_>
    <_>
      <rects>
        <_>
          1 1 2 6 -1.</_>
        <_>
          1 3 2 2 3.</_></rects>
      <tilted>0</tilted></_>
    <_>
      <rects>
        <_>
          1 1 6 5 -1.</_>
        <_>
          3 1 2 5 3.</_></rects>
      <tilted>0</tilted></_>
    <_>
      <rects>
        <_>
          1 2 1 2 -1.</_>
        <_>
          1 3 1 1 2.</_></rects>
      <tilted>0</tilted></_>
    <_>
      <rects>
        <_>
          1 2 3 4 -1.</_>
        <_>
          2 2 1 4 3.</_></rects>
      <tilted>0</tilted></_>
    <_>
      <rects>
        <_>
          1 2 6 3 -1.</_>
        <_>
          1 3 6 1 3.</_></rects>
      <tilted>0</tilted></_>
    <_>
      <rects>
        <_>
          2 0 1 4 -1.</_>
        <_>
          2 2 1 2 2.</_></rects>
      <tilted>0</tilted></_>
    <_>
      <rects>
        <_>
          2 0 6 6 -1.</_>
        <_>
          2 2 6 2 3.</_></rects>
      <tilted>0</tilted></_>
    <_>
      <rects>
        <_>
          2 1 6 6 -1.</_>
        <_>
          2 1 3 3 2.</_>
        <_>
          5 4 3 3 2.</_></rects>
      <tilted>0</tilted></_>
    <_>
      <rects>
        <_>
          2 2 6 4 -1.</_>
        <_>
          4 2 2 4 3.</_></rects>
      <tilted>0</tilted></_>
    <_>
      <rects>
        <_>
          2 3 3 2 -1.</_>
        <_>
          2 4 3 1 2.</_></rects>
      <tilted>0</tilted></_>
    <_>
      <rects>
        <_>
          2 4 5 4 -1.</_>
        <_>
          2 6 5 2 2.</_></rects>
      <tilted>0</tilted></_>
    <_>
      <rects>
        <_>
          2 6 2 2 -1.</_>
        <_>
          2 7 2 1 2.</_></rects>
      <tilted>0</tilted></_>
    <_>
      <rects>
        <_>
          3 0 2 2 -1.</_>
        <_>
          3 1 2 1 2.</_></rects>
      <tilted>0</tilted></_>
    <_>
      <rects>
        <_>
          3 0 5 4 -1.</_>
        <_>
          3 2 5 2 2.</_></rects>
      <tilted>0</tilted></_>
    <_>
      <rects>
        <_>
          3 2 1 3 -1.</_>
        <_>
          3 3 1 1 3.</_></rects>
      <tilted>0</tilted></_>
    <_>
      <rects>
        <_>
          3 2 5 6 -1.</_>
        <_>
          3 4 5 2 3.</_></rects>
      <tilted>0</tilted></_>
    <_>
      <rects>
        <_>
          3 3 3 1 -1.</_>
        <_>
          4 3 1 1 3.</_></rects>
      <tilted>0</tilted></_>
    <_>
      <rects>
        <_>
          4 1 2 1 -1.</_>
        <_>
          5 1 1 1 2.</_></rects>
      <tilted>0</tilted></_>
    <_>
      <rects>
        <_>
          4 1 3 3 -1.</_>
        <_>
          5 1 1 3 3.</_></rects>
      <tilted>0</tilted></_>
    <_>
      <rects>
        <_>
          4 2 4 3 -1.</_>
        <_>
          6 2 2 3 2.</_></rects>
      <tilted>0</tilted></_>
    <_>
      <rects>
        <_>
          4 3 4 3 -1.</_>
        <_>
          6 3 2 3 2.</_></rects>
      <tilted>0</tilted></_>
    <_>
      <rects>
        <_>
          5 1 1 6 -1.</_>
        <_>
          5 3 1 2 3.</_></rects>
      <tilted>0</tilted></_>
    <_>
      <rects>
        <_>
          6 3 2 2 -1.</_>
        <_>
          7 3 1 2 2.</_></rects>
      <tilted>0</tilted></_>
    <_>
      <rects>
        <_>
          6 5 2 1 -1.</_>
        <_>
          7 5 1 1 2.</_></rects>
      <tilted>0</tilted></_>
    <_>
      <rects>
        <_>
          6 5 2 3 -1.</_>
        <_>
          6 6 2 1 3.</_></rects>
      <tilted>0</tilted></_></features></cascade>
</opencv_storage>
