<?xml version="1.0"?>
<opencv_storage>
<stage1>
  <maxWeakCount>2</maxWeakCount>
  <stageThreshold>-4.7110962867736816e-01</stageThreshold>
  <weakClassifiers>
    <_>
      <internalNodes>
        0 -1 613 2.7103948593139648e-01</internalNodes>
      <leafValues>
        -9.8290598392486572e-01 7.2549021244049072e-01</leafValues></_>
    <_>
      <internalNodes>
        0 -1 96 2.3468470573425293e-01</internalNodes>
      <leafValues>
        -9.0562534332275391e-01 5.1179635524749756e-01</leafValues></_></weakClassifiers></stage1>
</opencv_storage>
