<?xml version="1.0"?>
<opencv_storage>
<stage5>
  <maxWeakCount>3</maxWeakCount>
  <stageThreshold>4.6649575233459473e-02</stageThreshold>
  <weakClassifiers>
    <_>
      <internalNodes>
        0 -1 1582 -4.5939303934574127e-02</internalNodes>
      <leafValues>
        8.0327868461608887e-01 -5.6962025165557861e-01</leafValues></_>
    <_>
      <internalNodes>
        0 -1 1378 8.4037538617849350e-03</internalNodes>
      <leafValues>
        3.8892036676406860e-01 -1.</leafValues></_>
    <_>
      <internalNodes>
        0 -1 1080 1.1511814594268799e-01</internalNodes>
      <leafValues>
        -9.3583667278289795e-01 2.2734944522380829e-01</leafValues></_></weakClassifiers></stage5>
</opencv_storage>
