<?xml version="1.0"?>
<opencv_storage>
<stage9>
  <maxWeakCount>2</maxWeakCount>
  <stageThreshold>1.5267175622284412e-02</stageThreshold>
  <weakClassifiers>
    <_>
      <internalNodes>
        0 -1 668 -6.8036422133445740e-02</internalNodes>
      <leafValues>
        -9.8473280668258667e-01 1.</leafValues></_>
    <_>
      <internalNodes>
        0 -1 1422 2.9129189252853394e-01</internalNodes>
      <leafValues>
        1. -8.9928054809570312e-01</leafValues></_></weakClassifiers></stage9>
</opencv_storage>
