<?xml version="1.0"?>
<opencv_storage>
<stage2>
  <maxWeakCount>2</maxWeakCount>
  <stageThreshold>-2.3817457258701324e-01</stageThreshold>
  <weakClassifiers>
    <_>
      <internalNodes>
        0 -1 423 5.3012095391750336e-02</internalNodes>
      <leafValues>
        -8.4347826242446899e-01 5.3846156597137451e-01</leafValues></_>
    <_>
      <internalNodes>
        0 -1 598 9.4132229685783386e-02</internalNodes>
      <leafValues>
        -7.7663612365722656e-01 6.4801138639450073e-01</leafValues></_></weakClassifiers></stage2>
</opencv_storage>
