<?xml version="1.0"?>
<opencv_storage>
<stage6>
  <maxWeakCount>3</maxWeakCount>
  <stageThreshold>-1.0780158638954163e-01</stageThreshold>
  <weakClassifiers>
    <_>
      <internalNodes>
        0 -1 718 1.1003818362951279e-01</internalNodes>
      <leafValues>
        -6.7164176702499390e-01 5.7647061347961426e-01</leafValues></_>
    <_>
      <internalNodes>
        0 -1 889 4.0180839598178864e-02</internalNodes>
      <leafValues>
        -9.3063610792160034e-01 3.0230996012687683e-01</leafValues></_>
    <_>
      <internalNodes>
        0 -1 1 1.0284704156219959e-02</internalNodes>
      <leafValues>
        2.6153022050857544e-01 -1.</leafValues></_></weakClassifiers></stage6>
</opencv_storage>
