<?xml version="1.0"?>
<opencv_storage>
<stage3>
  <maxWeakCount>3</maxWeakCount>
  <stageThreshold>-3.2443560659885406e-02</stageThreshold>
  <weakClassifiers>
    <_>
      <internalNodes>
        0 -1 604 1.7984673380851746e-01</internalNodes>
      <leafValues>
        -8.6324787139892578e-01 5.8823531866073608e-01</leafValues></_>
    <_>
      <internalNodes>
        0 -1 1996 -2.0067734643816948e-02</internalNodes>
      <leafValues>
        4.3145722150802612e-01 -8.9430969953536987e-01</leafValues></_>
    <_>
      <internalNodes>
        0 -1 299 2.1358845755457878e-02</internalNodes>
      <leafValues>
        -9.0201783180236816e-01 3.9934709668159485e-01</leafValues></_></weakClassifiers></stage3>
</opencv_storage>
