<?xml version="1.0"?>
<opencv_storage>
<stage8>
  <maxWeakCount>4</maxWeakCount>
  <stageThreshold>-4.2844909429550171e-01</stageThreshold>
  <weakClassifiers>
    <_>
      <internalNodes>
        0 -1 1594 -1.0313082486391068e-02</internalNodes>
      <leafValues>
        8.0821919441223145e-01 -6.8493151664733887e-01</leafValues></_>
    <_>
      <internalNodes>
        0 -1 2024 -7.4615022167563438e-03</internalNodes>
      <leafValues>
        -7.4211305379867554e-01 5.5201971530914307e-01</leafValues></_>
    <_>
      <internalNodes>
        0 -1 302 -1.8993377685546875e-02</internalNodes>
      <leafValues>
        5.8431911468505859e-01 -6.1715269088745117e-01</leafValues></_>
    <_>
      <internalNodes>
        0 -1 1657 -2.9304975271224976e-01</internalNodes>
      <leafValues>
        -9.8999732732772827e-01 4.1427636146545410e-01</leafValues></_></weakClassifiers></stage8>
</opencv_storage>
