<?xml version="1.0"?>
<opencv_storage>
<stage7>
  <maxWeakCount>7</maxWeakCount>
  <stageThreshold>-4.1325250267982483e-01</stageThreshold>
  <weakClassifiers>
    <_>
      <internalNodes>
        0 -1 654 5.1138300448656082e-02</internalNodes>
      <leafValues>
        -5.0303030014038086e-01 7.7777779102325439e-01</leafValues></_>
    <_>
      <internalNodes>
        0 -1 1244 -5.8686889708042145e-02</internalNodes>
      <leafValues>
        6.2385559082031250e-01 -5.0303542613983154e-01</leafValues></_>
    <_>
      <internalNodes>
        0 -1 1812 7.6669663190841675e-02</internalNodes>
      <leafValues>
        -7.8133076429367065e-01 3.6068144440650940e-01</leafValues></_>
    <_>
      <internalNodes>
        0 -1 1145 8.4006963297724724e-03</internalNodes>
      <leafValues>
        3.0956438183784485e-01 -9.2526924610137939e-01</leafValues></_>
    <_>
      <internalNodes>
        0 -1 1025 4.1688170284032822e-02</internalNodes>
      <leafValues>
        2.8907036781311035e-01 -8.2406634092330933e-01</leafValues></_>
    <_>
      <internalNodes>
        0 -1 1288 3.2530806958675385e-02</internalNodes>
      <leafValues>
        -8.3951783180236816e-01 2.7456679940223694e-01</leafValues></_>
    <_>
      <internalNodes>
        0 -1 2017 -6.4111119136214256e-03</internalNodes>
      <leafValues>
        -6.1145120859146118e-01 5.0094246864318848e-01</leafValues></_></weakClassifiers></stage7>
</opencv_storage>
