<?xml version="1.0"?>
<opencv_storage>
<stage4>
  <maxWeakCount>5</maxWeakCount>
  <stageThreshold>-6.0644537210464478e-01</stageThreshold>
  <weakClassifiers>
    <_>
      <internalNodes>
        0 -1 968 2.2451221942901611e-01</internalNodes>
      <leafValues>
        -9.7530865669250488e-01 2.7536231279373169e-01</leafValues></_>
    <_>
      <internalNodes>
        0 -1 603 2.6126897335052490e-01</internalNodes>
      <leafValues>
        -5.8237469196319580e-01 6.9637173414230347e-01</leafValues></_>
    <_>
      <internalNodes>
        0 -1 1426 5.7446993887424469e-03</internalNodes>
      <leafValues>
        3.5511952638626099e-01 -9.7866982221603394e-01</leafValues></_>
    <_>
      <internalNodes>
        0 -1 1695 -1.3001844286918640e-01</internalNodes>
      <leafValues>
        3.6520332098007202e-01 -8.5953855514526367e-01</leafValues></_>
    <_>
      <internalNodes>
        0 -1 1319 7.5827017426490784e-02</internalNodes>
      <leafValues>
        -1. 2.3091509938240051e-01</leafValues></_></weakClassifiers></stage4>
</opencv_storage>
