<?xml version="1.0"?>
<opencv_storage>
<cascade>
  <stageType>BOOST</stageType>
  <featureType>HAAR</featureType>
  <height>20</height>
  <width>20</width>
  <stageParams>
    <boostType>GAB</boostType>
    <minHitRate>9.9900001287460327e-01</minHitRate>
    <maxFalseAlarm>5.0000000000000000e-01</maxFalseAlarm>
    <weightTrimRate>9.4999999999999996e-01</weightTrimRate>
    <maxDepth>1</maxDepth>
    <maxWeakCount>100</maxWeakCount></stageParams>
  <featureParams>
    <maxCatCount>0</maxCatCount>
    <featSize>1</featSize>
    <mode>ALL</mode></featureParams>
  <stageNum>20</stageNum>
  <stages>
    <!-- stage 0 -->
    <_>
      <maxWeakCount>8</maxWeakCount>
      <stageThreshold>-1.1598248481750488e+00</stageThreshold>
      <weakClassifiers>
        <_>
          <internalNodes>
            0 -1 37 -2.5010753888636827e-03</internalNodes>
          <leafValues>
            7.2571426630020142e-01 -6.2762761116027832e-01</leafValues></_>
        <_>
          <internalNodes>
            0 -1 236 6.6368532134220004e-04</internalNodes>
          <leafValues>
            -4.3866708874702454e-01 7.1507817506790161e-01</leafValues></_>
        <_>
          <internalNodes>
            0 -1 168 -5.8309175074100494e-02</internalNodes>
          <leafValues>
            5.6056332588195801e-01 -4.6240830421447754e-01</leafValues></_>
        <_>
          <internalNodes>
            0 -1 48 3.1540510244667530e-03</internalNodes>
          <leafValues>
            -3.8499221205711365e-01 6.3532334566116333e-01</leafValues></_>
        <_>
          <internalNodes>
            0 -1 187 -1.7372723668813705e-02</internalNodes>
          <leafValues>
            5.7564383745193481e-01 -3.3325278759002686e-01</leafValues></_>
        <_>
          <internalNodes>
            0 -1 198 -2.1318998187780380e-03</internalNodes>
          <leafValues>
            5.9591376781463623e-01 -3.2405850291252136e-01</leafValues></_>
        <_>
          <internalNodes>
            0 -1 44 7.8139621764421463e-03</internalNodes>
          <leafValues>
            -2.6072767376899719e-01 6.7637026309967041e-01</leafValues></_>
        <_>
          <internalNodes>
            0 -1 214 1.0745325125753880e-02</internalNodes>
          <leafValues>
            -2.5995892286300659e-01 7.5481176376342773e-01</leafValues></_></weakClassifiers></_>
    <!-- stage 1 -->
    <_>
      <maxWeakCount>7</maxWeakCount>
      <stageThreshold>-1.5532431602478027e+00</stageThreshold>
      <weakClassifiers>
        <_>
          <internalNodes>
            0 -1 235 8.4317401051521301e-03</internalNodes>
          <leafValues>
            -4.5358091592788696e-01 6.7938929796218872e-01</leafValues></_>
        <_>
          <internalNodes>
            0 -1 42 -4.1641789721325040e-04</internalNodes>
          <leafValues>
            4.7194689512252808e-01 -4.2487269639968872e-01</leafValues></_>
        <_>
          <internalNodes>
            0 -1 162 -9.1677429154515266e-03</internalNodes>
          <leafValues>
            6.6191011667251587e-01 -2.8033253550529480e-01</leafValues></_>
        <_>
          <internalNodes>
            0 -1 124 1.2271016836166382e-02</internalNodes>
          <leafValues>
            -2.3763240873813629e-01 8.0730324983596802e-01</leafValues></_>
        <_>
          <internalNodes>
            0 -1 93 -2.2512365132570267e-02</internalNodes>
          <leafValues>
            3.3339631557464600e-01 -5.6428736448287964e-01</leafValues></_>
        <_>
          <internalNodes>
            0 -1 104 -6.2396004796028137e-03</internalNodes>
          <leafValues>
            6.8905210494995117e-01 -2.4809801578521729e-01</leafValues></_>
        <_>
          <internalNodes>
            0 -1 125 -8.1733632832765579e-03</internalNodes>
          <leafValues>
            6.1141008138656616e-01 -2.8668192028999329e-01</leafValues></_></weakClassifiers></_>
    <!-- stage 2 -->
    <_>
      <maxWeakCount>9</maxWeakCount>
      <stageThreshold>-1.5160595178604126e+00</stageThreshold>
      <weakClassifiers>
        <_>
          <internalNodes>
            0 -1 210 -1.5431272797286510e-02</internalNodes>
          <leafValues>
            5.8666664361953735e-01 -4.7486034035682678e-01</leafValues></_>
        <_>
          <internalNodes>
            0 -1 71 -2.9594488441944122e-03</internalNodes>
          <leafValues>
            5.2295798063278198e-01 -3.6293885111808777e-01</leafValues></_>
        <_>
          <internalNodes>
            0 -1 192 1.0904031805694103e-03</internalNodes>
          <leafValues>
            -3.6695864796638489e-01 4.8093867301940918e-01</leafValues></_>
        <_>
          <internalNodes>
            0 -1 204 -2.4454528465867043e-03</internalNodes>
          <leafValues>
            8.1294316053390503e-01 -2.0953355729579926e-01</leafValues></_>
        <_>
          <internalNodes>
            0 -1 122 -3.8878706982359290e-04</internalNodes>
          <leafValues>
            3.9760130643844604e-01 -3.9452001452445984e-01</leafValues></_>
        <_>
          <internalNodes>
            0 -1 120 1.5109759988263249e-04</internalNodes>
          <leafValues>
            3.6227014660835266e-01 -4.3979692459106445e-01</leafValues></_>
        <_>
          <internalNodes>
            0 -1 68 -3.3881806302815676e-03</internalNodes>
          <leafValues>
            4.2209297418594360e-01 -3.7492191791534424e-01</leafValues></_>
        <_>
          <internalNodes>
            0 -1 21 6.2264688313007355e-03</internalNodes>
          <leafValues>
            -3.0608168244361877e-01 5.0260317325592041e-01</leafValues></_>
        <_>
          <internalNodes>
            0 -1 174 -3.6107767373323441e-03</internalNodes>
          <leafValues>
            5.1770466566085815e-01 -2.6935932040214539e-01</leafValues></_></weakClassifiers></_>
    <!-- stage 3 -->
    <_>
      <maxWeakCount>11</maxWeakCount>
      <stageThreshold>-1.0297461748123169e+00</stageThreshold>
      <weakClassifiers>
        <_>
          <internalNodes>
            0 -1 10 -4.0802743285894394e-02</internalNodes>
          <leafValues>
            7.0297032594680786e-01 -3.7592136859893799e-01</leafValues></_>
        <_>
          <internalNodes>
            0 -1 216 5.3970250301063061e-03</internalNodes>
          <leafValues>
            -4.0532100200653076e-01 4.3864983320236206e-01</leafValues></_>
        <_>
          <internalNodes>
            0 -1 95 -1.4600266516208649e-01</internalNodes>
          <leafValues>
            3.4919983148574829e-01 -3.7672010064125061e-01</leafValues></_>
        <_>
          <internalNodes>
            0 -1 213 1.6716710524633527e-03</internalNodes>
          <leafValues>
            -2.8917625546455383e-01 4.6076607704162598e-01</leafValues></_>
        <_>
          <internalNodes>
            0 -1 38 -6.0391728766262531e-04</internalNodes>
          <leafValues>
            3.4303179383277893e-01 -3.9145055413246155e-01</leafValues></_>
        <_>
          <internalNodes>
            0 -1 160 -3.8023089291527867e-04</internalNodes>
          <leafValues>
            -5.9116446971893311e-01 2.6473802328109741e-01</leafValues></_>
        <_>
          <internalNodes>
            0 -1 239 2.2141799490782432e-05</internalNodes>
          <leafValues>
            -5.0665408372879028e-01 2.5761502981185913e-01</leafValues></_>
        <_>
          <internalNodes>
            0 -1 130 5.1794247701764107e-04</internalNodes>
          <leafValues>
            1.9660644233226776e-01 -6.8835794925689697e-01</leafValues></_>
        <_>
          <internalNodes>
            0 -1 39 -8.8133662939071655e-03</internalNodes>
          <leafValues>
            4.8606863617897034e-01 -3.1681650876998901e-01</leafValues></_>
        <_>
          <internalNodes>
            0 -1 182 -9.1760483337566257e-04</internalNodes>
          <leafValues>
            -7.1217590570449829e-01 1.9595572352409363e-01</leafValues></_>
        <_>
          <internalNodes>
            0 -1 215 -5.3447522222995758e-03</internalNodes>
          <leafValues>
            3.8677114248275757e-01 -3.6976644396781921e-01</leafValues></_></weakClassifiers></_>
    <!-- stage 4 -->
    <_>
      <maxWeakCount>9</maxWeakCount>
      <stageThreshold>-1.0296145677566528e+00</stageThreshold>
      <weakClassifiers>
        <_>
          <internalNodes>
            0 -1 103 -1.4221876859664917e-02</internalNodes>
          <leafValues>
            7.1681416034698486e-01 -4.1265821456909180e-01</leafValues></_>
        <_>
          <internalNodes>
            0 -1 223 1.6084823073470034e-05</internalNodes>
          <leafValues>
            -4.7180566191673279e-01 3.8416847586631775e-01</leafValues></_>
        <_>
          <internalNodes>
            0 -1 148 3.2732021063566208e-02</internalNodes>
          <leafValues>
            -3.2796508073806763e-01 5.4503130912780762e-01</leafValues></_>
        <_>
          <internalNodes>
            0 -1 1 -4.1113130748271942e-02</internalNodes>
          <leafValues>
            -9.7970789670944214e-01 1.3985294103622437e-01</leafValues></_>
        <_>
          <internalNodes>
            0 -1 171 3.3015929511748254e-04</internalNodes>
          <leafValues>
            -4.1672509908676147e-01 3.4413200616836548e-01</leafValues></_>
        <_>
          <internalNodes>
            0 -1 65 -7.7940830960869789e-03</internalNodes>
          <leafValues>
            3.4626552462577820e-01 -3.7392234802246094e-01</leafValues></_>
        <_>
          <internalNodes>
            0 -1 0 -9.6422322094440460e-03</internalNodes>
          <leafValues>
            4.7884181141853333e-01 -2.8555577993392944e-01</leafValues></_>
        <_>
          <internalNodes>
            0 -1 191 9.3880612403154373e-03</internalNodes>
          <leafValues>
            -2.1108581125736237e-01 6.5293908119201660e-01</leafValues></_>
        <_>
          <internalNodes>
            0 -1 63 -1.5945225954055786e-02</internalNodes>
          <leafValues>
            5.9368926286697388e-01 -2.4591156840324402e-01</leafValues></_></weakClassifiers></_>
    <!-- stage 5 -->
    <_>
      <maxWeakCount>12</maxWeakCount>
      <stageThreshold>-1.1534465551376343e+00</stageThreshold>
      <weakClassifiers>
        <_>
          <internalNodes>
            0 -1 73 -1.0060410946607590e-02</internalNodes>
          <leafValues>
            2.7510917186737061e-01 -5.1971328258514404e-01</leafValues></_>
        <_>
          <internalNodes>
            0 -1 147 -1.0048195719718933e-02</internalNodes>
          <leafValues>
            5.4796415567398071e-01 -2.7858385443687439e-01</leafValues></_>
        <_>
          <internalNodes>
            0 -1 40 -1.0283180745318532e-03</internalNodes>
          <leafValues>
            4.1674059629440308e-01 -3.5920932888984680e-01</leafValues></_>
        <_>
          <internalNodes>
            0 -1 195 -1.2463040184229612e-03</internalNodes>
          <leafValues>
            -8.2057392597198486e-01 1.4578728377819061e-01</leafValues></_>
        <_>
          <internalNodes>
            0 -1 221 -3.7358652334660292e-03</internalNodes>
          <leafValues>
            3.1676086783409119e-01 -4.3771117925643921e-01</leafValues></_>
        <_>
          <internalNodes>
            0 -1 161 2.4822307750582695e-04</internalNodes>
          <leafValues>
            2.5365671515464783e-01 -5.4098778963088989e-01</leafValues></_>
        <_>
          <internalNodes>
            0 -1 115 -2.9738100711256266e-03</internalNodes>
          <leafValues>
            -7.7086770534515381e-01 1.4045694470405579e-01</leafValues></_>
        <_>
          <internalNodes>
            0 -1 197 6.1368849128484726e-03</internalNodes>
          <leafValues>
            -2.2500684857368469e-01 6.4343219995498657e-01</leafValues></_>
        <_>
          <internalNodes>
            0 -1 193 -1.0351419914513826e-03</internalNodes>
          <leafValues>
            -4.0826895833015442e-01 3.0361425876617432e-01</leafValues></_>
        <_>
          <internalNodes>
            0 -1 55 1.1517740786075592e-02</internalNodes>
          <leafValues>
            -1.7857193946838379e-01 7.1015769243240356e-01</leafValues></_>
        <_>
          <internalNodes>
            0 -1 121 -5.8176065795123577e-04</internalNodes>
          <leafValues>
            -7.1366727352142334e-01 2.2109507024288177e-01</leafValues></_>
        <_>
          <internalNodes>
            0 -1 167 -1.2926404597237706e-03</internalNodes>
          <leafValues>
            4.6071931719779968e-01 -3.1264632940292358e-01</leafValues></_></weakClassifiers></_>
    <!-- stage 6 -->
    <_>
      <maxWeakCount>11</maxWeakCount>
      <stageThreshold>-1.4462528228759766e+00</stageThreshold>
      <weakClassifiers>
        <_>
          <internalNodes>
            0 -1 236 1.0726437903940678e-03</internalNodes>
          <leafValues>
            -5.0000000000000000e-01 2.9629629850387573e-01</leafValues></_>
        <_>
          <internalNodes>
            0 -1 121 1.6539759235456586e-04</internalNodes>
          <leafValues>
            2.5394350290298462e-01 -5.8463180065155029e-01</leafValues></_>
        <_>
          <internalNodes>
            0 -1 57 -1.5287725254893303e-02</internalNodes>
          <leafValues>
            5.6195694208145142e-01 -2.3577453196048737e-01</leafValues></_>
        <_>
          <internalNodes>
            0 -1 45 7.4536590545903891e-05</internalNodes>
          <leafValues>
            2.2268764674663544e-01 -6.3864004611968994e-01</leafValues></_>
        <_>
          <internalNodes>
            0 -1 176 -2.5387302041053772e-02</internalNodes>
          <leafValues>
            7.1372956037521362e-01 -2.1471901237964630e-01</leafValues></_>
        <_>
          <internalNodes>
            0 -1 5 -3.0013278126716614e-02</internalNodes>
          <leafValues>
            -7.6413011550903320e-01 2.5178781151771545e-01</leafValues></_>
        <_>
          <internalNodes>
            0 -1 132 -8.7980907410383224e-03</internalNodes>
          <leafValues>
            6.1641716957092285e-01 -2.4938268959522247e-01</leafValues></_>
        <_>
          <internalNodes>
            0 -1 6 5.6604661047458649e-02</internalNodes>
          <leafValues>
            2.0681430399417877e-01 -7.8694111108779907e-01</leafValues></_>
        <_>
          <internalNodes>
            0 -1 143 -1.9307878613471985e-01</internalNodes>
          <leafValues>
            2.5571197271347046e-01 -4.2754915356636047e-01</leafValues></_>
        <_>
          <internalNodes>
            0 -1 188 -8.6241690441966057e-03</internalNodes>
          <leafValues>
            3.6253836750984192e-01 -3.8139253854751587e-01</leafValues></_>
        <_>
          <internalNodes>
            0 -1 106 7.7675925567746162e-03</internalNodes>
          <leafValues>
            -2.5527143478393555e-01 4.8202094435691833e-01</leafValues></_></weakClassifiers></_>
    <!-- stage 7 -->
    <_>
      <maxWeakCount>13</maxWeakCount>
      <stageThreshold>-1.0684076547622681e+00</stageThreshold>
      <weakClassifiers>
        <_>
          <internalNodes>
            0 -1 62 -2.9352661222219467e-02</internalNodes>
          <leafValues>
            4.7445255517959595e-01 -3.9622640609741211e-01</leafValues></_>
        <_>
          <internalNodes>
            0 -1 200 8.4243761375546455e-04</internalNodes>
          <leafValues>
            1.4168195426464081e-01 -8.4239840507507324e-01</leafValues></_>
        <_>
          <internalNodes>
            0 -1 156 2.7341884560883045e-03</internalNodes>
          <leafValues>
            -3.2705003023147583e-01 3.7783306837081909e-01</leafValues></_>
        <_>
          <internalNodes>
            0 -1 14 2.4564085528254509e-02</internalNodes>
          <leafValues>
            -2.8444665670394897e-01 4.5034199953079224e-01</leafValues></_>
        <_>
          <internalNodes>
            0 -1 83 -6.1411436647176743e-02</internalNodes>
          <leafValues>
            5.7138806581497192e-01 -1.9805118441581726e-01</leafValues></_>
        <_>
          <internalNodes>
            0 -1 31 8.3126928657293320e-03</internalNodes>
          <leafValues>
            2.6407200098037720e-01 -4.5996370911598206e-01</leafValues></_>
        <_>
          <internalNodes>
            0 -1 159 -5.6075137108564377e-03</internalNodes>
          <leafValues>
            4.3749696016311646e-01 -2.5897285342216492e-01</leafValues></_>
        <_>
          <internalNodes>
            0 -1 177 5.0608832389116287e-03</internalNodes>
          <leafValues>
            -3.2483574748039246e-01 3.4623649716377258e-01</leafValues></_>
        <_>
          <internalNodes>
            0 -1 79 -5.7539977133274078e-03</internalNodes>
          <leafValues>
            -5.6404703855514526e-01 1.8912662565708160e-01</leafValues></_>
        <_>
          <internalNodes>
            0 -1 12 -4.7834394499659538e-03</internalNodes>
          <leafValues>
            3.8246351480484009e-01 -3.0277121067047119e-01</leafValues></_>
        <_>
          <internalNodes>
            0 -1 217 -5.7212412357330322e-02</internalNodes>
          <leafValues>
            -8.5429781675338745e-01 1.4346913993358612e-01</leafValues></_>
        <_>
          <internalNodes>
            0 -1 145 9.9044595845043659e-04</internalNodes>
          <leafValues>
            2.2910335659980774e-01 -4.8243713378906250e-01</leafValues></_>
        <_>
          <internalNodes>
            0 -1 119 3.7344178417697549e-04</internalNodes>
          <leafValues>
            1.7792394757270813e-01 -6.0792148113250732e-01</leafValues></_></weakClassifiers></_>
    <!-- stage 8 -->
    <_>
      <maxWeakCount>12</maxWeakCount>
      <stageThreshold>-9.5155829191207886e-01</stageThreshold>
      <weakClassifiers>
        <_>
          <internalNodes>
            0 -1 229 2.3813663050532341e-02</internalNodes>
          <leafValues>
            -3.6180904507637024e-01 5.6363636255264282e-01</leafValues></_>
        <_>
          <internalNodes>
            0 -1 240 -1.3235508231446147e-04</internalNodes>
          <leafValues>
            -4.3256962299346924e-01 2.5753977894783020e-01</leafValues></_>
        <_>
          <internalNodes>
            0 -1 184 1.1867345310747623e-03</internalNodes>
          <leafValues>
            -3.3481675386428833e-01 3.4797045588493347e-01</leafValues></_>
        <_>
          <internalNodes>
            0 -1 138 -5.7856276631355286e-02</internalNodes>
          <leafValues>
            4.2055645585060120e-01 -3.4741649031639099e-01</leafValues></_>
        <_>
          <internalNodes>
            0 -1 20 -5.0834513967856765e-04</internalNodes>
          <leafValues>
            4.3548381328582764e-01 -2.4222120642662048e-01</leafValues></_>
        <_>
          <internalNodes>
            0 -1 18 1.8196567893028259e-02</internalNodes>
          <leafValues>
            -2.3296193778514862e-01 4.8259314894676208e-01</leafValues></_>
        <_>
          <internalNodes>
            0 -1 94 -1.1579722166061401e-02</internalNodes>
          <leafValues>
            6.3008791208267212e-01 -1.6849948465824127e-01</leafValues></_>
        <_>
          <internalNodes>
            0 -1 194 -2.8923475183546543e-03</internalNodes>
          <leafValues>
            3.9006584882736206e-01 -2.8712317347526550e-01</leafValues></_>
        <_>
          <internalNodes>
            0 -1 157 3.6021359264850616e-02</internalNodes>
          <leafValues>
            1.6367752850055695e-01 -9.4422048330307007e-01</leafValues></_>
        <_>
          <internalNodes>
            0 -1 69 1.7735932487994432e-03</internalNodes>
          <leafValues>
            -2.6135113835334778e-01 4.5155870914459229e-01</leafValues></_>
        <_>
          <internalNodes>
            0 -1 242 -6.2655902002006769e-04</internalNodes>
          <leafValues>
            -7.1727800369262695e-01 1.4914616942405701e-01</leafValues></_>
        <_>
          <internalNodes>
            0 -1 119 -1.5158914029598236e-03</internalNodes>
          <leafValues>
            -6.4621478319168091e-01 1.2671031057834625e-01</leafValues></_></weakClassifiers></_>
    <!-- stage 9 -->
    <_>
      <maxWeakCount>14</maxWeakCount>
      <stageThreshold>-9.4406551122665405e-01</stageThreshold>
      <weakClassifiers>
        <_>
          <internalNodes>
            0 -1 222 -3.5089447628706694e-03</internalNodes>
          <leafValues>
            3.2352942228317261e-01 -4.8684209585189819e-01</leafValues></_>
        <_>
          <internalNodes>
            0 -1 218 -1.9302621483802795e-02</internalNodes>
          <leafValues>
            5.3157490491867065e-01 -1.9292668998241425e-01</leafValues></_>
        <_>
          <internalNodes>
            0 -1 211 5.3132227621972561e-03</internalNodes>
          <leafValues>
            -2.8412562608718872e-01 3.2692885398864746e-01</leafValues></_>
        <_>
          <internalNodes>
            0 -1 81 -7.4902987107634544e-03</internalNodes>
          <leafValues>
            3.7490576505661011e-01 -2.3323976993560791e-01</leafValues></_>
        <_>
          <internalNodes>
            0 -1 99 -8.9135719463229179e-04</internalNodes>
          <leafValues>
            -7.2388792037963867e-01 1.3377459347248077e-01</leafValues></_>
        <_>
          <internalNodes>
            0 -1 150 3.4168493002653122e-03</internalNodes>
          <leafValues>
            -1.5478771924972534e-01 6.0131460428237915e-01</leafValues></_>
        <_>
          <internalNodes>
            0 -1 99 3.1454814597964287e-04</internalNodes>
          <leafValues>
            1.8002498149871826e-01 -5.4233419895172119e-01</leafValues></_>
        <_>
          <internalNodes>
            0 -1 105 1.5739081427454948e-02</internalNodes>
          <leafValues>
            -1.5693484246730804e-01 5.9945350885391235e-01</leafValues></_>
        <_>
          <internalNodes>
            0 -1 123 -2.8249036986380816e-03</internalNodes>
          <leafValues>
            4.3546742200851440e-01 -2.4537286162376404e-01</leafValues></_>
        <_>
          <internalNodes>
            0 -1 110 1.9297390244901180e-03</internalNodes>
          <leafValues>
            -3.7317442893981934e-01 2.5342738628387451e-01</leafValues></_>
        <_>
          <internalNodes>
            0 -1 47 1.3301365543156862e-03</internalNodes>
          <leafValues>
            -2.2699283063411713e-01 5.0208067893981934e-01</leafValues></_>
        <_>
          <internalNodes>
            0 -1 101 1.3361769379116595e-04</internalNodes>
          <leafValues>
            1.9188053905963898e-01 -5.4264527559280396e-01</leafValues></_>
        <_>
          <internalNodes>
            0 -1 34 -3.7861324381083250e-03</internalNodes>
          <leafValues>
            3.1563904881477356e-01 -2.9529315233230591e-01</leafValues></_>
        <_>
          <internalNodes>
            0 -1 190 7.2035328485071659e-03</internalNodes>
          <leafValues>
            8.8790677487850189e-02 -8.9292079210281372e-01</leafValues></_></weakClassifiers></_>
    <!-- stage 10 -->
    <_>
      <maxWeakCount>12</maxWeakCount>
      <stageThreshold>-1.1486474275588989e+00</stageThreshold>
      <weakClassifiers>
        <_>
          <internalNodes>
            0 -1 231 2.0825359970331192e-03</internalNodes>
          <leafValues>
            -3.6159601807594299e-01 5.8878505229949951e-01</leafValues></_>
        <_>
          <internalNodes>
            0 -1 233 4.9159144982695580e-03</internalNodes>
          <leafValues>
            -2.6272177696228027e-01 3.6070302128791809e-01</leafValues></_>
        <_>
          <internalNodes>
            0 -1 46 -3.6777587956748903e-04</internalNodes>
          <leafValues>
            1.8343882262706757e-01 -4.5000630617141724e-01</leafValues></_>
        <_>
          <internalNodes>
            0 -1 164 -2.1957173943519592e-02</internalNodes>
          <leafValues>
            -6.0304415225982666e-01 1.7059049010276794e-01</leafValues></_>
        <_>
          <internalNodes>
            0 -1 142 -4.0354821830987930e-03</internalNodes>
          <leafValues>
            5.9352636337280273e-01 -1.4584371447563171e-01</leafValues></_>
        <_>
          <internalNodes>
            0 -1 96 -5.3776940330862999e-03</internalNodes>
          <leafValues>
            -6.5751457214355469e-01 1.3682784140110016e-01</leafValues></_>
        <_>
          <internalNodes>
            0 -1 139 -1.5933688730001450e-02</internalNodes>
          <leafValues>
            5.9402787685394287e-01 -1.6238905489444733e-01</leafValues></_>
        <_>
          <internalNodes>
            0 -1 141 1.9755687389988452e-04</internalNodes>
          <leafValues>
            2.2293347120285034e-01 -4.2739772796630859e-01</leafValues></_>
        <_>
          <internalNodes>
            0 -1 7 -1.5489388897549361e-04</internalNodes>
          <leafValues>
            -3.8421371579170227e-01 2.4637998640537262e-01</leafValues></_>
        <_>
          <internalNodes>
            0 -1 74 -1.0548399761319160e-02</internalNodes>
          <leafValues>
            -5.8669829368591309e-01 1.5174612402915955e-01</leafValues></_>
        <_>
          <internalNodes>
            0 -1 61 7.7925305813550949e-03</internalNodes>
          <leafValues>
            2.1067938208580017e-01 -5.2280300855636597e-01</leafValues></_>
        <_>
          <internalNodes>
            0 -1 108 1.4786658808588982e-02</internalNodes>
          <leafValues>
            -1.7176541686058044e-01 7.2092634439468384e-01</leafValues></_></weakClassifiers></_>
    <!-- stage 11 -->
    <_>
      <maxWeakCount>12</maxWeakCount>
      <stageThreshold>-1.0300946235656738e+00</stageThreshold>
      <weakClassifiers>
        <_>
          <internalNodes>
            0 -1 3 -1.8213427066802979e-01</internalNodes>
          <leafValues>
            6.0416668653488159e-01 -3.3980581164360046e-01</leafValues></_>
        <_>
          <internalNodes>
            0 -1 133 1.6324514150619507e-01</internalNodes>
          <leafValues>
            -2.6769933104515076e-01 3.7884330749511719e-01</leafValues></_>
        <_>
          <internalNodes>
            0 -1 41 -2.9178049881011248e-03</internalNodes>
          <leafValues>
            2.1307399868965149e-01 -3.9722061157226562e-01</leafValues></_>
        <_>
          <internalNodes>
            0 -1 203 -4.8983911983668804e-04</internalNodes>
          <leafValues>
            3.3586221933364868e-01 -2.6076158881187439e-01</leafValues></_>
        <_>
          <internalNodes>
            0 -1 155 2.5767995975911617e-04</internalNodes>
          <leafValues>
            1.6119027137756348e-01 -5.4254722595214844e-01</leafValues></_>
        <_>
          <internalNodes>
            0 -1 78 6.2363939359784126e-03</internalNodes>
          <leafValues>
            -1.6889454424381256e-01 5.2238178253173828e-01</leafValues></_>
        <_>
          <internalNodes>
            0 -1 127 6.7331949248909950e-03</internalNodes>
          <leafValues>
            -1.5310016274452209e-01 5.9289354085922241e-01</leafValues></_>
        <_>
          <internalNodes>
            0 -1 52 -1.3330844230949879e-03</internalNodes>
          <leafValues>
            4.1244247555732727e-01 -2.1297402679920197e-01</leafValues></_>
        <_>
          <internalNodes>
            0 -1 212 -6.0249003581702709e-04</internalNodes>
          <leafValues>
            4.9969196319580078e-01 -1.7981131374835968e-01</leafValues></_>
        <_>
          <internalNodes>
            0 -1 226 -1.0163462720811367e-03</internalNodes>
          <leafValues>
            -4.4749844074249268e-01 1.9269742071628571e-01</leafValues></_>
        <_>
          <internalNodes>
            0 -1 219 6.8549844436347485e-03</internalNodes>
          <leafValues>
            -1.2072813510894775e-01 6.6584861278533936e-01</leafValues></_>
        <_>
          <internalNodes>
            0 -1 97 6.8507198011502624e-04</internalNodes>
          <leafValues>
            -2.6921549439430237e-01 3.1785890460014343e-01</leafValues></_></weakClassifiers></_>
    <!-- stage 12 -->
    <_>
      <maxWeakCount>14</maxWeakCount>
      <stageThreshold>-8.2670670747756958e-01</stageThreshold>
      <weakClassifiers>
        <_>
          <internalNodes>
            0 -1 238 4.5333785237744451e-04</internalNodes>
          <leafValues>
            -5.5102038383483887e-01 2.0152091979980469e-01</leafValues></_>
        <_>
          <internalNodes>
            0 -1 43 -7.8046694397926331e-04</internalNodes>
          <leafValues>
            -7.4463021755218506e-01 1.1717902868986130e-01</leafValues></_>
        <_>
          <internalNodes>
            0 -1 102 -2.3524139076471329e-02</internalNodes>
          <leafValues>
            5.4493796825408936e-01 -1.7741268873214722e-01</leafValues></_>
        <_>
          <internalNodes>
            0 -1 200 -4.0423840982839465e-04</internalNodes>
          <leafValues>
            -5.7191348075866699e-01 1.8084016442298889e-01</leafValues></_>
        <_>
          <internalNodes>
            0 -1 72 -1.0647638700902462e-03</internalNodes>
          <leafValues>
            -7.0830726623535156e-01 1.2403184920549393e-01</leafValues></_>
        <_>
          <internalNodes>
            0 -1 84 -2.5531945284456015e-03</internalNodes>
          <leafValues>
            3.0499005317687988e-01 -2.9839804768562317e-01</leafValues></_>
        <_>
          <internalNodes>
            0 -1 230 -4.1169933974742889e-03</internalNodes>
          <leafValues>
            6.9111114740371704e-01 -1.3927960395812988e-01</leafValues></_>
        <_>
          <internalNodes>
            0 -1 136 7.1679297834634781e-03</internalNodes>
          <leafValues>
            1.4812342822551727e-01 -7.7733170986175537e-01</leafValues></_>
        <_>
          <internalNodes>
            0 -1 175 -3.4200851805508137e-03</internalNodes>
          <leafValues>
            5.5324989557266235e-01 -1.9533926248550415e-01</leafValues></_>
        <_>
          <internalNodes>
            0 -1 179 -4.5879269018769264e-03</internalNodes>
          <leafValues>
            4.3095144629478455e-01 -2.0389015972614288e-01</leafValues></_>
        <_>
          <internalNodes>
            0 -1 165 9.1365817934274673e-03</internalNodes>
          <leafValues>
            -2.0569297671318054e-01 5.5752211809158325e-01</leafValues></_>
        <_>
          <internalNodes>
            0 -1 158 9.5372495707124472e-05</internalNodes>
          <leafValues>
            -3.1690981984138489e-01 2.6597616076469421e-01</leafValues></_>
        <_>
          <internalNodes>
            0 -1 149 2.8239926323294640e-03</internalNodes>
          <leafValues>
            -1.9340258836746216e-01 4.4705963134765625e-01</leafValues></_>
        <_>
          <internalNodes>
            0 -1 201 -1.4432292431592941e-02</internalNodes>
          <leafValues>
            3.6305522918701172e-01 -2.6177108287811279e-01</leafValues></_></weakClassifiers></_>
    <!-- stage 13 -->
    <_>
      <maxWeakCount>18</maxWeakCount>
      <stageThreshold>-1.2859781980514526e+00</stageThreshold>
      <weakClassifiers>
        <_>
          <internalNodes>
            0 -1 210 -1.6913600265979767e-02</internalNodes>
          <leafValues>
            3.1395348906517029e-01 -4.0476191043853760e-01</leafValues></_>
        <_>
          <internalNodes>
            0 -1 23 6.5352988895028830e-04</internalNodes>
          <leafValues>
            -2.1721364557743073e-01 4.3582332134246826e-01</leafValues></_>
        <_>
          <internalNodes>
            0 -1 59 8.2335784099996090e-04</internalNodes>
          <leafValues>
            -3.0162537097930908e-01 2.9258680343627930e-01</leafValues></_>
        <_>
          <internalNodes>
            0 -1 88 1.4367528259754181e-02</internalNodes>
          <leafValues>
            9.4642035663127899e-02 -6.6249740123748779e-01</leafValues></_>
        <_>
          <internalNodes>
            0 -1 170 -6.6774729639291763e-03</internalNodes>
          <leafValues>
            5.2132523059844971e-01 -1.7170530557632446e-01</leafValues></_>
        <_>
          <internalNodes>
            0 -1 2 4.9366738647222519e-02</internalNodes>
          <leafValues>
            2.0765113830566406e-01 -5.9445345401763916e-01</leafValues></_>
        <_>
          <internalNodes>
            0 -1 77 -1.1487413197755814e-02</internalNodes>
          <leafValues>
            2.9857090115547180e-01 -3.4872645139694214e-01</leafValues></_>
        <_>
          <internalNodes>
            0 -1 208 5.1007443107664585e-04</internalNodes>
          <leafValues>
            -2.8433516621589661e-01 3.2031795382499695e-01</leafValues></_>
        <_>
          <internalNodes>
            0 -1 53 -3.3101090230047703e-04</internalNodes>
          <leafValues>
            4.2598485946655273e-01 -2.1175095438957214e-01</leafValues></_>
        <_>
          <internalNodes>
            0 -1 100 2.0533236674964428e-03</internalNodes>
          <leafValues>
            1.3438430428504944e-01 -8.7217944860458374e-01</leafValues></_>
        <_>
          <internalNodes>
            0 -1 126 1.9296437501907349e-02</internalNodes>
          <leafValues>
            -1.9614650309085846e-01 6.6545355319976807e-01</leafValues></_>
        <_>
          <internalNodes>
            0 -1 232 -4.1690288344398141e-04</internalNodes>
          <leafValues>
            4.4847503304481506e-01 -1.7926609516143799e-01</leafValues></_>
        <_>
          <internalNodes>
            0 -1 9 -1.9931567367166281e-03</internalNodes>
          <leafValues>
            3.5967659950256348e-01 -2.4609673023223877e-01</leafValues></_>
        <_>
          <internalNodes>
            0 -1 17 1.0526528349146247e-03</internalNodes>
          <leafValues>
            -2.4715273082256317e-01 4.0071463584899902e-01</leafValues></_>
        <_>
          <internalNodes>
            0 -1 200 2.5852816179394722e-04</internalNodes>
          <leafValues>
            2.4965687096118927e-01 -5.1295155286788940e-01</leafValues></_>
        <_>
          <internalNodes>
            0 -1 86 -3.1027358490973711e-03</internalNodes>
          <leafValues>
            3.2367184758186340e-01 -3.1042817234992981e-01</leafValues></_>
        <_>
          <internalNodes>
            0 -1 33 -4.6874932013452053e-03</internalNodes>
          <leafValues>
            3.7148717045783997e-01 -2.4863921105861664e-01</leafValues></_>
        <_>
          <internalNodes>
            0 -1 199 -1.9903311040252447e-03</internalNodes>
          <leafValues>
            -6.4015418291091919e-01 1.6722343862056732e-01</leafValues></_></weakClassifiers></_>
    <!-- stage 14 -->
    <_>
      <maxWeakCount>15</maxWeakCount>
      <stageThreshold>-1.0993651151657104e+00</stageThreshold>
      <weakClassifiers>
        <_>
          <internalNodes>
            0 -1 49 2.5367569178342819e-02</internalNodes>
          <leafValues>
            -2.9705214500427246e-01 7.3134326934814453e-01</leafValues></_>
        <_>
          <internalNodes>
            0 -1 4 -1.1318099498748779e-01</internalNodes>
          <leafValues>
            -7.7795428037643433e-01 1.2127892673015594e-01</leafValues></_>
        <_>
          <internalNodes>
            0 -1 239 4.2266765376552939e-05</internalNodes>
          <leafValues>
            -5.0054514408111572e-01 2.2537292540073395e-01</leafValues></_>
        <_>
          <internalNodes>
            0 -1 144 -5.6591112166643143e-02</internalNodes>
          <leafValues>
            4.6022501587867737e-01 -2.3617278039455414e-01</leafValues></_>
        <_>
          <internalNodes>
            0 -1 92 6.0351900756359100e-03</internalNodes>
          <leafValues>
            1.2887953221797943e-01 -6.2420272827148438e-01</leafValues></_>
        <_>
          <internalNodes>
            0 -1 172 -6.4642578363418579e-03</internalNodes>
          <leafValues>
            5.5142420530319214e-01 -1.5883392095565796e-01</leafValues></_>
        <_>
          <internalNodes>
            0 -1 186 4.0236050263047218e-03</internalNodes>
          <leafValues>
            -4.4485002756118774e-01 2.0476020872592926e-01</leafValues></_>
        <_>
          <internalNodes>
            0 -1 181 -2.3293483536690474e-03</internalNodes>
          <leafValues>
            3.7099260091781616e-01 -2.4234405159950256e-01</leafValues></_>
        <_>
          <internalNodes>
            0 -1 27 -6.6394307650625706e-03</internalNodes>
          <leafValues>
            4.7933980822563171e-01 -2.1063876152038574e-01</leafValues></_>
        <_>
          <internalNodes>
            0 -1 111 -1.1135125532746315e-02</internalNodes>
          <leafValues>
            6.2132114171981812e-01 -1.8237257003784180e-01</leafValues></_>
        <_>
          <internalNodes>
            0 -1 207 1.9312016665935516e-03</internalNodes>
          <leafValues>
            1.4196102321147919e-01 -7.6685023307800293e-01</leafValues></_>
        <_>
          <internalNodes>
            0 -1 109 3.3656298182904720e-03</internalNodes>
          <leafValues>
            1.4469438791275024e-01 -5.2372938394546509e-01</leafValues></_>
        <_>
          <internalNodes>
            0 -1 178 -6.9303847849369049e-03</internalNodes>
          <leafValues>
            4.6220028400421143e-01 -1.8624708056449890e-01</leafValues></_>
        <_>
          <internalNodes>
            0 -1 228 -2.7336897328495979e-03</internalNodes>
          <leafValues>
            -7.6794826984405518e-01 1.1301091313362122e-01</leafValues></_>
        <_>
          <internalNodes>
            0 -1 8 2.8692474588751793e-03</internalNodes>
          <leafValues>
            9.6529930830001831e-02 -7.5203394889831543e-01</leafValues></_></weakClassifiers></_>
    <!-- stage 15 -->
    <_>
      <maxWeakCount>14</maxWeakCount>
      <stageThreshold>-9.5352685451507568e-01</stageThreshold>
      <weakClassifiers>
        <_>
          <internalNodes>
            0 -1 64 -2.2678539156913757e-02</internalNodes>
          <leafValues>
            5.8620691299438477e-01 -3.1591448187828064e-01</leafValues></_>
        <_>
          <internalNodes>
            0 -1 209 -1.2343114940449595e-03</internalNodes>
          <leafValues>
            -8.4479570388793945e-01 1.0356812924146652e-01</leafValues></_>
        <_>
          <internalNodes>
            0 -1 234 4.6523124910891056e-03</internalNodes>
          <leafValues>
            -2.6390993595123291e-01 4.1464853286743164e-01</leafValues></_>
        <_>
          <internalNodes>
            0 -1 134 2.3018782958388329e-03</internalNodes>
          <leafValues>
            -2.5002771615982056e-01 3.5277074575424194e-01</leafValues></_>
        <_>
          <internalNodes>
            0 -1 206 4.6162400394678116e-04</internalNodes>
          <leafValues>
            -1.5182575583457947e-01 4.7702416777610779e-01</leafValues></_>
        <_>
          <internalNodes>
            0 -1 166 -7.9037714749574661e-03</internalNodes>
          <leafValues>
            5.9480452537536621e-01 -1.5961436927318573e-01</leafValues></_>
        <_>
          <internalNodes>
            0 -1 224 -6.9692039687652141e-05</internalNodes>
          <leafValues>
            -5.3151345252990723e-01 1.7819948494434357e-01</leafValues></_>
        <_>
          <internalNodes>
            0 -1 90 -1.0828908532857895e-02</internalNodes>
          <leafValues>
            -8.2371890544891357e-01 1.1253811419010162e-01</leafValues></_>
        <_>
          <internalNodes>
            0 -1 112 -2.4933284148573875e-02</internalNodes>
          <leafValues>
            -7.5299036502838135e-01 1.0524356365203857e-01</leafValues></_>
        <_>
          <internalNodes>
            0 -1 117 3.1933953869156539e-04</internalNodes>
          <leafValues>
            -3.0410316586494446e-01 2.8004407882690430e-01</leafValues></_>
        <_>
          <internalNodes>
            0 -1 220 -7.0793954655528069e-03</internalNodes>
          <leafValues>
            5.5320465564727783e-01 -1.5449458360671997e-01</leafValues></_>
        <_>
          <internalNodes>
            0 -1 98 -5.2730264142155647e-03</internalNodes>
          <leafValues>
            6.2020051479339600e-01 -1.4083550870418549e-01</leafValues></_>
        <_>
          <internalNodes>
            0 -1 67 1.1093136854469776e-03</internalNodes>
          <leafValues>
            -1.7244255542755127e-01 4.4261103868484497e-01</leafValues></_>
        <_>
          <internalNodes>
            0 -1 75 -3.0464695300906897e-03</internalNodes>
          <leafValues>
            -8.6552876234054565e-01 1.1484368890523911e-01</leafValues></_></weakClassifiers></_>
    <!-- stage 16 -->
    <_>
      <maxWeakCount>17</maxWeakCount>
      <stageThreshold>-1.1437301635742188e+00</stageThreshold>
      <weakClassifiers>
        <_>
          <internalNodes>
            0 -1 11 -4.7400798648595810e-02</internalNodes>
          <leafValues>
            4.1428571939468384e-01 -3.8043478131294250e-01</leafValues></_>
        <_>
          <internalNodes>
            0 -1 116 -1.6410125419497490e-02</internalNodes>
          <leafValues>
            5.7162082195281982e-01 -1.3729439675807953e-01</leafValues></_>
        <_>
          <internalNodes>
            0 -1 152 -1.1725893709808588e-03</internalNodes>
          <leafValues>
            2.0531135797500610e-01 -4.4370371103286743e-01</leafValues></_>
        <_>
          <internalNodes>
            0 -1 16 -2.4229964241385460e-02</internalNodes>
          <leafValues>
            -4.6085426211357117e-01 2.1106821298599243e-01</leafValues></_>
        <_>
          <internalNodes>
            0 -1 85 5.1900874823331833e-03</internalNodes>
          <leafValues>
            -1.3398009538650513e-01 5.8757531642913818e-01</leafValues></_>
        <_>
          <internalNodes>
            0 -1 129 -3.3570249797776341e-04</internalNodes>
          <leafValues>
            1.9682721793651581e-01 -5.0173527002334595e-01</leafValues></_>
        <_>
          <internalNodes>
            0 -1 24 2.0601064898073673e-03</internalNodes>
          <leafValues>
            -1.5180799365043640e-01 4.9391919374465942e-01</leafValues></_>
        <_>
          <internalNodes>
            0 -1 36 -1.7760340124368668e-03</internalNodes>
          <leafValues>
            -7.7695137262344360e-01 1.2787710130214691e-01</leafValues></_>
        <_>
          <internalNodes>
            0 -1 32 -2.3492826148867607e-03</internalNodes>
          <leafValues>
            -6.3666319847106934e-01 8.0871827900409698e-02</leafValues></_>
        <_>
          <internalNodes>
            0 -1 66 -4.8763617873191833e-02</internalNodes>
          <leafValues>
            -8.0348134040832520e-01 1.0509994626045227e-01</leafValues></_>
        <_>
          <internalNodes>
            0 -1 60 -1.4214704278856516e-03</internalNodes>
          <leafValues>
            -4.9619597196578979e-01 1.6391922533512115e-01</leafValues></_>
        <_>
          <internalNodes>
            0 -1 76 4.7416165471076965e-02</internalNodes>
          <leafValues>
            -1.3188308477401733e-01 6.9755065441131592e-01</leafValues></_>
        <_>
          <internalNodes>
            0 -1 137 3.6010283511132002e-03</internalNodes>
          <leafValues>
            1.9896329939365387e-01 -4.6626296639442444e-01</leafValues></_>
        <_>
          <internalNodes>
            0 -1 241 -2.6858178898692131e-03</internalNodes>
          <leafValues>
            -7.2328460216522217e-01 1.0983712226152420e-01</leafValues></_>
        <_>
          <internalNodes>
            0 -1 118 -2.4029640480875969e-02</internalNodes>
          <leafValues>
            5.6068408489227295e-01 -1.6817650198936462e-01</leafValues></_>
        <_>
          <internalNodes>
            0 -1 173 2.6845899410545826e-03</internalNodes>
          <leafValues>
            -1.9918394088745117e-01 4.9522978067398071e-01</leafValues></_>
        <_>
          <internalNodes>
            0 -1 25 -1.3539533130824566e-02</internalNodes>
          <leafValues>
            -4.0504422783851624e-01 2.4139212071895599e-01</leafValues></_></weakClassifiers></_>
    <!-- stage 17 -->
    <_>
      <maxWeakCount>16</maxWeakCount>
      <stageThreshold>-8.8722068071365356e-01</stageThreshold>
      <weakClassifiers>
        <_>
          <internalNodes>
            0 -1 13 -2.7268093079328537e-02</internalNodes>
          <leafValues>
            3.8961037993431091e-01 -4.0112993121147156e-01</leafValues></_>
        <_>
          <internalNodes>
            0 -1 29 -7.7587580308318138e-03</internalNodes>
          <leafValues>
            4.1660821437835693e-01 -2.1925380825996399e-01</leafValues></_>
        <_>
          <internalNodes>
            0 -1 169 -3.9195721037685871e-03</internalNodes>
          <leafValues>
            -6.8625688552856445e-01 8.7476260960102081e-02</leafValues></_>
        <_>
          <internalNodes>
            0 -1 28 5.0469275563955307e-02</internalNodes>
          <leafValues>
            2.6304191350936890e-01 -4.2529702186584473e-01</leafValues></_>
        <_>
          <internalNodes>
            0 -1 80 7.7956002205610275e-03</internalNodes>
          <leafValues>
            1.7896902561187744e-01 -4.8067405819892883e-01</leafValues></_>
        <_>
          <internalNodes>
            0 -1 237 2.1105695050209761e-03</internalNodes>
          <leafValues>
            -2.4011528491973877e-01 3.8771858811378479e-01</leafValues></_>
        <_>
          <internalNodes>
            0 -1 140 2.1137209841981530e-04</internalNodes>
          <leafValues>
            2.2438362240791321e-01 -3.7398031353950500e-01</leafValues></_>
        <_>
          <internalNodes>
            0 -1 135 4.9624647945165634e-03</internalNodes>
          <leafValues>
            -1.4566825330257416e-01 5.6050419807434082e-01</leafValues></_>
        <_>
          <internalNodes>
            0 -1 107 -2.6096994988620281e-03</internalNodes>
          <leafValues>
            5.3931564092636108e-01 -1.6102091968059540e-01</leafValues></_>
        <_>
          <internalNodes>
            0 -1 82 -2.3598881438374519e-02</internalNodes>
          <leafValues>
            -5.5473554134368896e-01 1.8888308107852936e-01</leafValues></_>
        <_>
          <internalNodes>
            0 -1 87 3.4879036247730255e-03</internalNodes>
          <leafValues>
            -1.3596166670322418e-01 6.9637900590896606e-01</leafValues></_>
        <_>
          <internalNodes>
            0 -1 113 -1.2859310954809189e-02</internalNodes>
          <leafValues>
            8.8220739364624023e-01 -9.5098711550235748e-02</leafValues></_>
        <_>
          <internalNodes>
            0 -1 180 -3.8461526855826378e-03</internalNodes>
          <leafValues>
            -6.2560439109802246e-01 1.7279955744743347e-01</leafValues></_>
        <_>
          <internalNodes>
            0 -1 146 2.6056193746626377e-03</internalNodes>
          <leafValues>
            -2.7909582853317261e-01 3.7606102228164673e-01</leafValues></_>
        <_>
          <internalNodes>
            0 -1 202 -1.6719775274395943e-02</internalNodes>
          <leafValues>
            -6.9015854597091675e-01 1.4802907407283783e-01</leafValues></_>
        <_>
          <internalNodes>
            0 -1 15 -5.7895937934517860e-03</internalNodes>
          <leafValues>
            3.6039483547210693e-01 -2.8785908222198486e-01</leafValues></_></weakClassifiers></_>
    <!-- stage 18 -->
    <_>
      <maxWeakCount>14</maxWeakCount>
      <stageThreshold>-1.1798821687698364e+00</stageThreshold>
      <weakClassifiers>
        <_>
          <internalNodes>
            0 -1 227 1.0324168950319290e-02</internalNodes>
          <leafValues>
            -3.1904762983322144e-01 5.9090906381607056e-01</leafValues></_>
        <_>
          <internalNodes>
            0 -1 26 -4.3319156393408775e-03</internalNodes>
          <leafValues>
            4.7107070684432983e-01 -2.1244020760059357e-01</leafValues></_>
        <_>
          <internalNodes>
            0 -1 225 -2.2958391346037388e-03</internalNodes>
          <leafValues>
            4.6505990624427795e-01 -1.9941364228725433e-01</leafValues></_>
        <_>
          <internalNodes>
            0 -1 163 -1.8152568489313126e-02</internalNodes>
          <leafValues>
            5.2178829908370972e-01 -1.7519475519657135e-01</leafValues></_>
        <_>
          <internalNodes>
            0 -1 131 -1.5620340127497911e-04</internalNodes>
          <leafValues>
            -3.6868754029273987e-01 2.6979315280914307e-01</leafValues></_>
        <_>
          <internalNodes>
            0 -1 50 1.5368990134447813e-03</internalNodes>
          <leafValues>
            -1.8053655326366425e-01 4.5192646980285645e-01</leafValues></_>
        <_>
          <internalNodes>
            0 -1 205 -3.9346814155578613e-03</internalNodes>
          <leafValues>
            5.0908625125885010e-01 -1.5498808026313782e-01</leafValues></_>
        <_>
          <internalNodes>
            0 -1 189 -3.2043601386249065e-03</internalNodes>
          <leafValues>
            -6.2916332483291626e-01 1.3886968791484833e-01</leafValues></_>
        <_>
          <internalNodes>
            0 -1 153 -3.5119859967380762e-03</internalNodes>
          <leafValues>
            3.6700376868247986e-01 -2.5472107529640198e-01</leafValues></_>
        <_>
          <internalNodes>
            0 -1 58 1.9904177635908127e-02</internalNodes>
          <leafValues>
            -1.5310750901699066e-01 7.6885026693344116e-01</leafValues></_>
        <_>
          <internalNodes>
            0 -1 89 -1.9137790426611900e-02</internalNodes>
          <leafValues>
            3.1731361150741577e-01 -3.1404012441635132e-01</leafValues></_>
        <_>
          <internalNodes>
            0 -1 22 1.1084894649684429e-03</internalNodes>
          <leafValues>
            -1.2653861939907074e-01 7.3001527786254883e-01</leafValues></_>
        <_>
          <internalNodes>
            0 -1 54 -2.3642433807253838e-03</internalNodes>
          <leafValues>
            3.9346429705619812e-01 -2.8737539052963257e-01</leafValues></_>
        <_>
          <internalNodes>
            0 -1 19 -2.5627803988754749e-03</internalNodes>
          <leafValues>
            -8.9283770322799683e-01 1.0801880061626434e-01</leafValues></_></weakClassifiers></_>
    <!-- stage 19 -->
    <_>
      <maxWeakCount>13</maxWeakCount>
      <stageThreshold>-1.1433188915252686e+00</stageThreshold>
      <weakClassifiers>
        <_>
          <internalNodes>
            0 -1 196 -3.6161404568701982e-03</internalNodes>
          <leafValues>
            5.2830189466476440e-01 -3.4328359365463257e-01</leafValues></_>
        <_>
          <internalNodes>
            0 -1 30 -4.4089448638260365e-03</internalNodes>
          <leafValues>
            4.7207066416740417e-01 -2.1150247752666473e-01</leafValues></_>
        <_>
          <internalNodes>
            0 -1 154 -3.1751918140798807e-04</internalNodes>
          <leafValues>
            -4.2896449565887451e-01 1.9136281311511993e-01</leafValues></_>
        <_>
          <internalNodes>
            0 -1 35 1.2493967078626156e-02</internalNodes>
          <leafValues>
            -1.5721385180950165e-01 5.7419264316558838e-01</leafValues></_>
        <_>
          <internalNodes>
            0 -1 91 7.7744550071656704e-04</internalNodes>
          <leafValues>
            -2.5349524617195129e-01 3.2326057553291321e-01</leafValues></_>
        <_>
          <internalNodes>
            0 -1 56 -2.6924677193164825e-02</internalNodes>
          <leafValues>
            2.1089078485965729e-01 -4.7211030125617981e-01</leafValues></_>
        <_>
          <internalNodes>
            0 -1 151 6.4369766041636467e-03</internalNodes>
          <leafValues>
            -1.6069346666336060e-01 5.7096910476684570e-01</leafValues></_>
        <_>
          <internalNodes>
            0 -1 70 1.6266882885247469e-03</internalNodes>
          <leafValues>
            -1.9874595105648041e-01 4.2953106760978699e-01</leafValues></_>
        <_>
          <internalNodes>
            0 -1 51 2.1231502294540405e-01</internalNodes>
          <leafValues>
            1.1793126165866852e-01 -8.7411659955978394e-01</leafValues></_>
        <_>
          <internalNodes>
            0 -1 128 1.1123614240204915e-04</internalNodes>
          <leafValues>
            2.0142175257205963e-01 -4.1554826498031616e-01</leafValues></_>
        <_>
          <internalNodes>
            0 -1 114 5.2341120317578316e-03</internalNodes>
          <leafValues>
            -1.1183474212884903e-01 8.1333714723587036e-01</leafValues></_>
        <_>
          <internalNodes>
            0 -1 183 1.7354590818285942e-04</internalNodes>
          <leafValues>
            2.1790637075901031e-01 -4.4795507192611694e-01</leafValues></_>
        <_>
          <internalNodes>
            0 -1 185 2.0402178168296814e-01</internalNodes>
          <leafValues>
            -1.6878551244735718e-01 5.8557820320129395e-01</leafValues></_></weakClassifiers></_></stages>
  <features>
    <_>
      <rects>
        <_>
          0 0 3 20 -1.</_>
        <_>
          1 0 1 20 3.</_></rects>
      <tilted>0</tilted></_>
    <_>
      <rects>
        <_>
          0 0 3 12 -1.</_>
        <_>
          0 3 3 6 2.</_></rects>
      <tilted>0</tilted></_>
    <_>
      <rects>
        <_>
          0 0 4 16 -1.</_>
        <_>
          0 4 4 8 2.</_></rects>
      <tilted>0</tilted></_>
    <_>
      <rects>
        <_>
          0 0 20 8 -1.</_>
        <_>
          5 0 10 8 2.</_></rects>
      <tilted>0</tilted></_>
    <_>
      <rects>
        <_>
          0 0 7 15 -1.</_>
        <_>
          0 5 7 5 3.</_></rects>
      <tilted>0</tilted></_>
    <_>
      <rects>
        <_>
          0 0 20 1 -1.</_>
        <_>
          10 0 10 1 2.</_></rects>
      <tilted>0</tilted></_>
    <_>
      <rects>
        <_>
          0 0 20 3 -1.</_>
        <_>
          10 0 10 3 2.</_></rects>
      <tilted>0</tilted></_>
    <_>
      <rects>
        <_>
          0 1 1 3 -1.</_>
        <_>
          0 2 1 1 3.</_></rects>
      <tilted>0</tilted></_>
    <_>
      <rects>
        <_>
          0 1 1 4 -1.</_>
        <_>
          0 2 1 2 2.</_></rects>
      <tilted>0</tilted></_>
    <_>
      <rects>
        <_>
          0 1 2 8 -1.</_>
        <_>
          0 1 1 4 2.</_>
        <_>
          1 5 1 4 2.</_></rects>
      <tilted>0</tilted></_>
    <_>
      <rects>
        <_>
          0 1 8 3 -1.</_>
        <_>
          4 1 4 3 2.</_></rects>
      <tilted>0</tilted></_>
    <_>
      <rects>
        <_>
          0 1 8 5 -1.</_>
        <_>
          4 1 4 5 2.</_></rects>
      <tilted>0</tilted></_>
    <_>
      <rects>
        <_>
          0 2 3 11 -1.</_>
        <_>
          1 2 1 11 3.</_></rects>
      <tilted>0</tilted></_>
    <_>
      <rects>
        <_>
          0 2 6 5 -1.</_>
        <_>
          3 2 3 5 2.</_></rects>
      <tilted>0</tilted></_>
    <_>
      <rects>
        <_>
          0 3 8 6 -1.</_>
        <_>
          0 3 4 3 2.</_>
        <_>
          4 6 4 3 2.</_></rects>
      <tilted>0</tilted></_>
    <_>
      <rects>
        <_>
          0 4 4 9 -1.</_>
        <_>
          1 4 2 9 2.</_></rects>
      <tilted>0</tilted></_>
    <_>
      <rects>
        <_>
          0 4 20 6 -1.</_>
        <_>
          0 4 10 3 2.</_>
        <_>
          10 7 10 3 2.</_></rects>
      <tilted>0</tilted></_>
    <_>
      <rects>
        <_>
          0 5 2 4 -1.</_>
        <_>
          0 5 1 2 2.</_>
        <_>
          1 7 1 2 2.</_></rects>
      <tilted>0</tilted></_>
    <_>
      <rects>
        <_>
          0 6 16 3 -1.</_>
        <_>
          0 7 16 1 3.</_></rects>
      <tilted>0</tilted></_>
    <_>
      <rects>
        <_>
          0 7 1 2 -1.</_>
        <_>
          0 8 1 1 2.</_></rects>
      <tilted>0</tilted></_>
    <_>
      <rects>
        <_>
          0 8 3 1 -1.</_>
        <_>
          1 8 1 1 3.</_></rects>
      <tilted>0</tilted></_>
    <_>
      <rects>
        <_>
          0 8 6 5 -1.</_>
        <_>
          3 8 3 5 2.</_></rects>
      <tilted>0</tilted></_>
    <_>
      <rects>
        <_>
          0 9 3 1 -1.</_>
        <_>
          1 9 1 1 3.</_></rects>
      <tilted>0</tilted></_>
    <_>
      <rects>
        <_>
          0 9 2 2 -1.</_>
        <_>
          0 9 1 1 2.</_>
        <_>
          1 10 1 1 2.</_></rects>
      <tilted>0</tilted></_>
    <_>
      <rects>
        <_>
          0 9 2 4 -1.</_>
        <_>
          0 9 1 2 2.</_>
        <_>
          1 11 1 2 2.</_></rects>
      <tilted>0</tilted></_>
    <_>
      <rects>
        <_>
          0 9 2 8 -1.</_>
        <_>
          0 13 2 4 2.</_></rects>
      <tilted>0</tilted></_>
    <_>
      <rects>
        <_>
          0 10 2 8 -1.</_>
        <_>
          0 10 1 4 2.</_>
        <_>
          1 14 1 4 2.</_></rects>
      <tilted>0</tilted></_>
    <_>
      <rects>
        <_>
          0 10 3 6 -1.</_>
        <_>
          1 10 1 6 3.</_></rects>
      <tilted>0</tilted></_>
    <_>
      <rects>
        <_>
          0 10 20 6 -1.</_>
        <_>
          10 10 10 6 2.</_></rects>
      <tilted>0</tilted></_>
    <_>
      <rects>
        <_>
          0 11 4 6 -1.</_>
        <_>
          0 11 2 3 2.</_>
        <_>
          2 14 2 3 2.</_></rects>
      <tilted>0</tilted></_>
    <_>
      <rects>
        <_>
          0 13 2 6 -1.</_>
        <_>
          0 13 1 3 2.</_>
        <_>
          1 16 1 3 2.</_></rects>
      <tilted>0</tilted></_>
    <_>
      <rects>
        <_>
          0 13 20 1 -1.</_>
        <_>
          10 13 10 1 2.</_></rects>
      <tilted>0</tilted></_>
    <_>
      <rects>
        <_>
          0 14 1 4 -1.</_>
        <_>
          0 15 1 2 2.</_></rects>
      <tilted>0</tilted></_>
    <_>
      <rects>
        <_>
          0 15 2 4 -1.</_>
        <_>
          1 15 1 4 2.</_></rects>
      <tilted>0</tilted></_>
    <_>
      <rects>
        <_>
          0 15 2 5 -1.</_>
        <_>
          1 15 1 5 2.</_></rects>
      <tilted>0</tilted></_>
    <_>
      <rects>
        <_>
          0 15 12 4 -1.</_>
        <_>
          0 17 12 2 2.</_></rects>
      <tilted>0</tilted></_>
    <_>
      <rects>
        <_>
          0 16 1 2 -1.</_>
        <_>
          0 17 1 1 2.</_></rects>
      <tilted>0</tilted></_>
    <_>
      <rects>
        <_>
          0 16 2 3 -1.</_>
        <_>
          1 16 1 3 2.</_></rects>
      <tilted>0</tilted></_>
    <_>
      <rects>
        <_>
          0 16 4 1 -1.</_>
        <_>
          2 16 2 1 2.</_></rects>
      <tilted>0</tilted></_>
    <_>
      <rects>
        <_>
          0 16 12 4 -1.</_>
        <_>
          0 16 6 2 2.</_>
        <_>
          6 18 6 2 2.</_></rects>
      <tilted>0</tilted></_>
    <_>
      <rects>
        <_>
          0 17 2 1 -1.</_>
        <_>
          1 17 1 1 2.</_></rects>
      <tilted>0</tilted></_>
    <_>
      <rects>
        <_>
          0 17 4 3 -1.</_>
        <_>
          2 17 2 3 2.</_></rects>
      <tilted>0</tilted></_>
    <_>
      <rects>
        <_>
          0 18 2 1 -1.</_>
        <_>
          1 18 1 1 2.</_></rects>
      <tilted>0</tilted></_>
    <_>
      <rects>
        <_>
          0 18 1 2 -1.</_>
        <_>
          0 19 1 1 2.</_></rects>
      <tilted>0</tilted></_>
    <_>
      <rects>
        <_>
          0 18 20 2 -1.</_>
        <_>
          0 19 20 1 2.</_></rects>
      <tilted>0</tilted></_>
    <_>
      <rects>
        <_>
          0 19 2 1 -1.</_>
        <_>
          1 19 1 1 2.</_></rects>
      <tilted>0</tilted></_>
    <_>
      <rects>
        <_>
          0 19 6 1 -1.</_>
        <_>
          3 19 3 1 2.</_></rects>
      <tilted>0</tilted></_>
    <_>
      <rects>
        <_>
          1 2 3 1 -1.</_>
        <_>
          2 2 1 1 3.</_></rects>
      <tilted>0</tilted></_>
    <_>
      <rects>
        <_>
          1 2 2 8 -1.</_>
        <_>
          1 2 1 4 2.</_>
        <_>
          2 6 1 4 2.</_></rects>
      <tilted>0</tilted></_>
    <_>
      <rects>
        <_>
          1 2 4 6 -1.</_>
        <_>
          1 2 2 3 2.</_>
        <_>
          3 5 2 3 2.</_></rects>
      <tilted>0</tilted></_>
    <_>
      <rects>
        <_>
          1 3 2 4 -1.</_>
        <_>
          1 4 2 2 2.</_></rects>
      <tilted>0</tilted></_>
    <_>
      <rects>
        <_>
          1 3 9 9 -1.</_>
        <_>
          4 6 3 3 9.</_></rects>
      <tilted>0</tilted></_>
    <_>
      <rects>
        <_>
          1 4 4 2 -1.</_>
        <_>
          2 4 2 2 2.</_></rects>
      <tilted>0</tilted></_>
    <_>
      <rects>
        <_>
          1 5 2 2 -1.</_>
        <_>
          1 5 1 1 2.</_>
        <_>
          2 6 1 1 2.</_></rects>
      <tilted>0</tilted></_>
    <_>
      <rects>
        <_>
          1 6 1 4 -1.</_>
        <_>
          1 8 1 2 2.</_></rects>
      <tilted>0</tilted></_>
    <_>
      <rects>
        <_>
          1 6 10 2 -1.</_>
        <_>
          1 6 5 1 2.</_>
        <_>
          6 7 5 1 2.</_></rects>
      <tilted>0</tilted></_>
    <_>
      <rects>
        <_>
          1 7 8 10 -1.</_>
        <_>
          1 12 8 5 2.</_></rects>
      <tilted>0</tilted></_>
    <_>
      <rects>
        <_>
          1 14 13 4 -1.</_>
        <_>
          1 15 13 2 2.</_></rects>
      <tilted>0</tilted></_>
    <_>
      <rects>
        <_>
          1 16 16 4 -1.</_>
        <_>
          1 17 16 2 2.</_></rects>
      <tilted>0</tilted></_>
    <_>
      <rects>
        <_>
          1 18 4 2 -1.</_>
        <_>
          1 19 4 1 2.</_></rects>
      <tilted>0</tilted></_>
    <_>
      <rects>
        <_>
          2 0 1 2 -1.</_>
        <_>
          2 0 1 1 2.</_></rects>
      <tilted>1</tilted></_>
    <_>
      <rects>
        <_>
          2 0 9 6 -1.</_>
        <_>
          2 3 9 3 2.</_></rects>
      <tilted>0</tilted></_>
    <_>
      <rects>
        <_>
          2 0 15 2 -1.</_>
        <_>
          2 1 15 1 2.</_></rects>
      <tilted>0</tilted></_>
    <_>
      <rects>
        <_>
          2 1 6 3 -1.</_>
        <_>
          4 2 2 1 9.</_></rects>
      <tilted>0</tilted></_>
    <_>
      <rects>
        <_>
          2 1 16 1 -1.</_>
        <_>
          6 1 8 1 2.</_></rects>
      <tilted>0</tilted></_>
    <_>
      <rects>
        <_>
          2 1 9 4 -1.</_>
        <_>
          2 3 9 2 2.</_></rects>
      <tilted>0</tilted></_>
    <_>
      <rects>
        <_>
          2 1 18 6 -1.</_>
        <_>
          2 1 9 3 2.</_>
        <_>
          11 4 9 3 2.</_></rects>
      <tilted>0</tilted></_>
    <_>
      <rects>
        <_>
          2 2 3 2 -1.</_>
        <_>
          3 2 1 2 3.</_></rects>
      <tilted>0</tilted></_>
    <_>
      <rects>
        <_>
          2 7 7 2 -1.</_>
        <_>
          2 8 7 1 2.</_></rects>
      <tilted>0</tilted></_>
    <_>
      <rects>
        <_>
          2 9 3 6 -1.</_>
        <_>
          3 9 1 6 3.</_></rects>
      <tilted>0</tilted></_>
    <_>
      <rects>
        <_>
          2 12 2 4 -1.</_>
        <_>
          2 13 2 2 2.</_></rects>
      <tilted>0</tilted></_>
    <_>
      <rects>
        <_>
          2 17 1 2 -1.</_>
        <_>
          2 17 1 1 2.</_></rects>
      <tilted>1</tilted></_>
    <_>
      <rects>
        <_>
          2 19 3 1 -1.</_>
        <_>
          3 19 1 1 3.</_></rects>
      <tilted>0</tilted></_>
    <_>
      <rects>
        <_>
          3 0 3 8 -1.</_>
        <_>
          3 2 3 4 2.</_></rects>
      <tilted>0</tilted></_>
    <_>
      <rects>
        <_>
          3 2 14 3 -1.</_>
        <_>
          3 3 14 1 3.</_></rects>
      <tilted>0</tilted></_>
    <_>
      <rects>
        <_>
          3 6 2 2 -1.</_>
        <_>
          4 6 1 2 2.</_></rects>
      <tilted>0</tilted></_>
    <_>
      <rects>
        <_>
          3 6 8 14 -1.</_>
        <_>
          3 6 4 7 2.</_>
        <_>
          7 13 4 7 2.</_></rects>
      <tilted>0</tilted></_>
    <_>
      <rects>
        <_>
          3 7 1 12 -1.</_>
        <_>
          3 13 1 6 2.</_></rects>
      <tilted>0</tilted></_>
    <_>
      <rects>
        <_>
          3 8 9 3 -1.</_>
        <_>
          2 9 9 1 3.</_></rects>
      <tilted>1</tilted></_>
    <_>
      <rects>
        <_>
          3 9 4 10 -1.</_>
        <_>
          4 9 2 10 2.</_></rects>
      <tilted>0</tilted></_>
    <_>
      <rects>
        <_>
          3 11 14 8 -1.</_>
        <_>
          3 11 7 4 2.</_>
        <_>
          10 15 7 4 2.</_></rects>
      <tilted>0</tilted></_>
    <_>
      <rects>
        <_>
          3 11 15 4 -1.</_>
        <_>
          3 12 15 2 2.</_></rects>
      <tilted>0</tilted></_>
    <_>
      <rects>
        <_>
          3 13 12 5 -1.</_>
        <_>
          9 13 6 5 2.</_></rects>
      <tilted>0</tilted></_>
    <_>
      <rects>
        <_>
          3 13 14 4 -1.</_>
        <_>
          3 15 14 2 2.</_></rects>
      <tilted>0</tilted></_>
    <_>
      <rects>
        <_>
          3 15 1 3 -1.</_>
        <_>
          2 16 1 1 3.</_></rects>
      <tilted>1</tilted></_>
    <_>
      <rects>
        <_>
          3 16 9 4 -1.</_>
        <_>
          3 17 9 2 2.</_></rects>
      <tilted>0</tilted></_>
    <_>
      <rects>
        <_>
          3 17 6 3 -1.</_>
        <_>
          5 18 2 1 9.</_></rects>
      <tilted>0</tilted></_>
    <_>
      <rects>
        <_>
          3 17 4 2 -1.</_>
        <_>
          5 17 2 2 2.</_></rects>
      <tilted>0</tilted></_>
    <_>
      <rects>
        <_>
          4 0 14 1 -1.</_>
        <_>
          11 0 7 1 2.</_></rects>
      <tilted>0</tilted></_>
    <_>
      <rects>
        <_>
          4 0 10 6 -1.</_>
        <_>
          4 2 10 2 3.</_></rects>
      <tilted>0</tilted></_>
    <_>
      <rects>
        <_>
          4 1 3 2 -1.</_>
        <_>
          4 1 3 1 2.</_></rects>
      <tilted>1</tilted></_>
    <_>
      <rects>
        <_>
          4 3 6 3 -1.</_>
        <_>
          7 3 3 3 2.</_></rects>
      <tilted>0</tilted></_>
    <_>
      <rects>
        <_>
          4 5 3 11 -1.</_>
        <_>
          5 5 1 11 3.</_></rects>
      <tilted>0</tilted></_>
    <_>
      <rects>
        <_>
          4 5 4 14 -1.</_>
        <_>
          4 12 4 7 2.</_></rects>
      <tilted>0</tilted></_>
    <_>
      <rects>
        <_>
          4 6 15 2 -1.</_>
        <_>
          4 7 15 1 2.</_></rects>
      <tilted>0</tilted></_>
    <_>
      <rects>
        <_>
          4 7 11 12 -1.</_>
        <_>
          4 13 11 6 2.</_></rects>
      <tilted>0</tilted></_>
    <_>
      <rects>
        <_>
          4 10 3 7 -1.</_>
        <_>
          5 10 1 7 3.</_></rects>
      <tilted>0</tilted></_>
    <_>
      <rects>
        <_>
          4 10 9 6 -1.</_>
        <_>
          7 10 3 6 3.</_></rects>
      <tilted>0</tilted></_>
    <_>
      <rects>
        <_>
          4 13 3 3 -1.</_>
        <_>
          4 14 3 1 3.</_></rects>
      <tilted>0</tilted></_>
    <_>
      <rects>
        <_>
          4 19 3 1 -1.</_>
        <_>
          5 19 1 1 3.</_></rects>
      <tilted>0</tilted></_>
    <_>
      <rects>
        <_>
          4 19 4 1 -1.</_>
        <_>
          5 19 2 1 2.</_></rects>
      <tilted>0</tilted></_>
    <_>
      <rects>
        <_>
          4 19 4 1 -1.</_>
        <_>
          6 19 2 1 2.</_></rects>
      <tilted>0</tilted></_>
    <_>
      <rects>
        <_>
          5 0 4 4 -1.</_>
        <_>
          6 1 2 4 2.</_></rects>
      <tilted>1</tilted></_>
    <_>
      <rects>
        <_>
          5 0 6 2 -1.</_>
        <_>
          5 1 6 1 2.</_></rects>
      <tilted>0</tilted></_>
    <_>
      <rects>
        <_>
          5 0 6 3 -1.</_>
        <_>
          5 1 6 1 3.</_></rects>
      <tilted>0</tilted></_>
    <_>
      <rects>
        <_>
          5 0 7 3 -1.</_>
        <_>
          5 1 7 1 3.</_></rects>
      <tilted>0</tilted></_>
    <_>
      <rects>
        <_>
          5 0 8 3 -1.</_>
        <_>
          5 1 8 1 3.</_></rects>
      <tilted>0</tilted></_>
    <_>
      <rects>
        <_>
          5 1 1 3 -1.</_>
        <_>
          5 2 1 1 3.</_></rects>
      <tilted>0</tilted></_>
    <_>
      <rects>
        <_>
          5 4 12 3 -1.</_>
        <_>
          5 5 12 1 3.</_></rects>
      <tilted>0</tilted></_>
    <_>
      <rects>
        <_>
          5 5 4 5 -1.</_>
        <_>
          6 5 2 5 2.</_></rects>
      <tilted>0</tilted></_>
    <_>
      <rects>
        <_>
          5 6 2 4 -1.</_>
        <_>
          5 6 2 2 2.</_></rects>
      <tilted>1</tilted></_>
    <_>
      <rects>
        <_>
          5 6 14 2 -1.</_>
        <_>
          5 7 14 1 2.</_></rects>
      <tilted>0</tilted></_>
    <_>
      <rects>
        <_>
          5 7 6 3 -1.</_>
        <_>
          5 7 3 3 2.</_></rects>
      <tilted>1</tilted></_>
    <_>
      <rects>
        <_>
          5 10 4 3 -1.</_>
        <_>
          4 11 4 1 3.</_></rects>
      <tilted>1</tilted></_>
    <_>
      <rects>
        <_>
          5 11 2 3 -1.</_>
        <_>
          5 12 2 1 3.</_></rects>
      <tilted>0</tilted></_>
    <_>
      <rects>
        <_>
          5 12 2 4 -1.</_>
        <_>
          6 12 1 4 2.</_></rects>
      <tilted>0</tilted></_>
    <_>
      <rects>
        <_>
          5 12 3 5 -1.</_>
        <_>
          6 13 1 5 3.</_></rects>
      <tilted>1</tilted></_>
    <_>
      <rects>
        <_>
          5 13 2 4 -1.</_>
        <_>
          5 14 2 2 2.</_></rects>
      <tilted>0</tilted></_>
    <_>
      <rects>
        <_>
          5 15 15 4 -1.</_>
        <_>
          5 16 15 2 2.</_></rects>
      <tilted>0</tilted></_>
    <_>
      <rects>
        <_>
          5 18 4 2 -1.</_>
        <_>
          6 18 2 2 2.</_></rects>
      <tilted>0</tilted></_>
    <_>
      <rects>
        <_>
          5 18 6 1 -1.</_>
        <_>
          8 18 3 1 2.</_></rects>
      <tilted>0</tilted></_>
    <_>
      <rects>
        <_>
          5 19 3 1 -1.</_>
        <_>
          6 19 1 1 3.</_></rects>
      <tilted>0</tilted></_>
    <_>
      <rects>
        <_>
          6 0 1 4 -1.</_>
        <_>
          6 2 1 2 2.</_></rects>
      <tilted>0</tilted></_>
    <_>
      <rects>
        <_>
          6 0 2 3 -1.</_>
        <_>
          6 1 2 1 3.</_></rects>
      <tilted>0</tilted></_>
    <_>
      <rects>
        <_>
          6 0 6 3 -1.</_>
        <_>
          6 1 6 1 3.</_></rects>
      <tilted>0</tilted></_>
    <_>
      <rects>
        <_>
          6 1 3 4 -1.</_>
        <_>
          7 2 1 4 3.</_></rects>
      <tilted>1</tilted></_>
    <_>
      <rects>
        <_>
          6 2 4 12 -1.</_>
        <_>
          6 2 2 6 2.</_>
        <_>
          8 8 2 6 2.</_></rects>
      <tilted>0</tilted></_>
    <_>
      <rects>
        <_>
          6 6 2 3 -1.</_>
        <_>
          6 7 2 1 3.</_></rects>
      <tilted>0</tilted></_>
    <_>
      <rects>
        <_>
          6 17 3 1 -1.</_>
        <_>
          7 17 1 1 3.</_></rects>
      <tilted>0</tilted></_>
    <_>
      <rects>
        <_>
          6 17 3 3 -1.</_>
        <_>
          7 18 1 1 9.</_></rects>
      <tilted>0</tilted></_>
    <_>
      <rects>
        <_>
          6 18 3 2 -1.</_>
        <_>
          7 18 1 2 3.</_></rects>
      <tilted>0</tilted></_>
    <_>
      <rects>
        <_>
          6 19 3 1 -1.</_>
        <_>
          7 19 1 1 3.</_></rects>
      <tilted>0</tilted></_>
    <_>
      <rects>
        <_>
          7 0 3 3 -1.</_>
        <_>
          7 1 3 1 3.</_></rects>
      <tilted>0</tilted></_>
    <_>
      <rects>
        <_>
          7 2 13 15 -1.</_>
        <_>
          7 7 13 5 3.</_></rects>
      <tilted>0</tilted></_>
    <_>
      <rects>
        <_>
          7 6 1 3 -1.</_>
        <_>
          7 7 1 1 3.</_></rects>
      <tilted>0</tilted></_>
    <_>
      <rects>
        <_>
          7 8 3 8 -1.</_>
        <_>
          8 8 1 8 3.</_></rects>
      <tilted>0</tilted></_>
    <_>
      <rects>
        <_>
          7 13 4 3 -1.</_>
        <_>
          9 13 2 3 2.</_></rects>
      <tilted>0</tilted></_>
    <_>
      <rects>
        <_>
          7 13 6 4 -1.</_>
        <_>
          7 13 3 2 2.</_>
        <_>
          10 15 3 2 2.</_></rects>
      <tilted>0</tilted></_>
    <_>
      <rects>
        <_>
          7 13 10 6 -1.</_>
        <_>
          7 16 10 3 2.</_></rects>
      <tilted>0</tilted></_>
    <_>
      <rects>
        <_>
          7 14 7 4 -1.</_>
        <_>
          7 15 7 2 2.</_></rects>
      <tilted>0</tilted></_>
    <_>
      <rects>
        <_>
          7 17 3 3 -1.</_>
        <_>
          8 17 1 3 3.</_></rects>
      <tilted>0</tilted></_>
    <_>
      <rects>
        <_>
          7 18 4 2 -1.</_>
        <_>
          8 18 2 2 2.</_></rects>
      <tilted>0</tilted></_>
    <_>
      <rects>
        <_>
          8 0 1 3 -1.</_>
        <_>
          8 1 1 1 3.</_></rects>
      <tilted>0</tilted></_>
    <_>
      <rects>
        <_>
          8 0 12 20 -1.</_>
        <_>
          8 10 12 10 2.</_></rects>
      <tilted>0</tilted></_>
    <_>
      <rects>
        <_>
          8 1 12 5 -1.</_>
        <_>
          12 1 4 5 3.</_></rects>
      <tilted>0</tilted></_>
    <_>
      <rects>
        <_>
          8 2 3 9 -1.</_>
        <_>
          9 2 1 9 3.</_></rects>
      <tilted>0</tilted></_>
    <_>
      <rects>
        <_>
          8 4 2 3 -1.</_>
        <_>
          7 5 2 1 3.</_></rects>
      <tilted>1</tilted></_>
    <_>
      <rects>
        <_>
          8 4 8 4 -1.</_>
        <_>
          8 5 8 2 2.</_></rects>
      <tilted>0</tilted></_>
    <_>
      <rects>
        <_>
          8 5 9 6 -1.</_>
        <_>
          8 7 9 2 3.</_></rects>
      <tilted>0</tilted></_>
    <_>
      <rects>
        <_>
          8 10 10 2 -1.</_>
        <_>
          8 10 5 1 2.</_>
        <_>
          13 11 5 1 2.</_></rects>
      <tilted>0</tilted></_>
    <_>
      <rects>
        <_>
          8 14 1 6 -1.</_>
        <_>
          8 16 1 2 3.</_></rects>
      <tilted>0</tilted></_>
    <_>
      <rects>
        <_>
          8 15 2 2 -1.</_>
        <_>
          8 15 1 2 2.</_></rects>
      <tilted>1</tilted></_>
    <_>
      <rects>
        <_>
          8 15 2 4 -1.</_>
        <_>
          8 17 2 2 2.</_></rects>
      <tilted>0</tilted></_>
    <_>
      <rects>
        <_>
          8 16 5 4 -1.</_>
        <_>
          8 17 5 2 2.</_></rects>
      <tilted>0</tilted></_>
    <_>
      <rects>
        <_>
          8 18 3 2 -1.</_>
        <_>
          9 18 1 2 3.</_></rects>
      <tilted>0</tilted></_>
    <_>
      <rects>
        <_>
          8 19 3 1 -1.</_>
        <_>
          9 19 1 1 3.</_></rects>
      <tilted>0</tilted></_>
    <_>
      <rects>
        <_>
          8 19 12 1 -1.</_>
        <_>
          14 19 6 1 2.</_></rects>
      <tilted>0</tilted></_>
    <_>
      <rects>
        <_>
          9 2 4 8 -1.</_>
        <_>
          9 4 4 4 2.</_></rects>
      <tilted>0</tilted></_>
    <_>
      <rects>
        <_>
          9 14 8 3 -1.</_>
        <_>
          11 14 4 3 2.</_></rects>
      <tilted>0</tilted></_>
    <_>
      <rects>
        <_>
          9 17 8 3 -1.</_>
        <_>
          9 18 8 1 3.</_></rects>
      <tilted>0</tilted></_>
    <_>
      <rects>
        <_>
          9 18 3 2 -1.</_>
        <_>
          10 18 1 2 3.</_></rects>
      <tilted>0</tilted></_>
    <_>
      <rects>
        <_>
          9 19 3 1 -1.</_>
        <_>
          10 19 1 1 3.</_></rects>
      <tilted>0</tilted></_>
    <_>
      <rects>
        <_>
          10 0 5 4 -1.</_>
        <_>
          10 1 5 2 2.</_></rects>
      <tilted>0</tilted></_>
    <_>
      <rects>
        <_>
          10 2 8 7 -1.</_>
        <_>
          12 2 4 7 2.</_></rects>
      <tilted>0</tilted></_>
    <_>
      <rects>
        <_>
          10 4 6 6 -1.</_>
        <_>
          13 4 3 6 2.</_></rects>
      <tilted>0</tilted></_>
    <_>
      <rects>
        <_>
          10 5 9 3 -1.</_>
        <_>
          10 6 9 1 3.</_></rects>
      <tilted>0</tilted></_>
    <_>
      <rects>
        <_>
          10 6 6 3 -1.</_>
        <_>
          10 7 6 1 3.</_></rects>
      <tilted>0</tilted></_>
    <_>
      <rects>
        <_>
          10 7 2 2 -1.</_>
        <_>
          10 8 2 1 2.</_></rects>
      <tilted>0</tilted></_>
    <_>
      <rects>
        <_>
          10 7 5 12 -1.</_>
        <_>
          10 13 5 6 2.</_></rects>
      <tilted>0</tilted></_>
    <_>
      <rects>
        <_>
          10 8 2 11 -1.</_>
        <_>
          11 8 1 11 2.</_></rects>
      <tilted>0</tilted></_>
    <_>
      <rects>
        <_>
          10 11 5 3 -1.</_>
        <_>
          10 12 5 1 3.</_></rects>
      <tilted>0</tilted></_>
    <_>
      <rects>
        <_>
          10 14 2 1 -1.</_>
        <_>
          10 14 1 1 2.</_></rects>
      <tilted>1</tilted></_>
    <_>
      <rects>
        <_>
          10 15 4 3 -1.</_>
        <_>
          10 16 4 1 3.</_></rects>
      <tilted>0</tilted></_>
    <_>
      <rects>
        <_>
          10 15 5 4 -1.</_>
        <_>
          10 16 5 2 2.</_></rects>
      <tilted>0</tilted></_>
    <_>
      <rects>
        <_>
          10 15 6 3 -1.</_>
        <_>
          10 16 6 1 3.</_></rects>
      <tilted>0</tilted></_>
    <_>
      <rects>
        <_>
          10 16 3 1 -1.</_>
        <_>
          11 17 1 1 3.</_></rects>
      <tilted>1</tilted></_>
    <_>
      <rects>
        <_>
          10 16 9 4 -1.</_>
        <_>
          10 18 9 2 2.</_></rects>
      <tilted>0</tilted></_>
    <_>
      <rects>
        <_>
          11 1 1 10 -1.</_>
        <_>
          11 1 1 5 2.</_></rects>
      <tilted>1</tilted></_>
    <_>
      <rects>
        <_>
          11 1 2 11 -1.</_>
        <_>
          11 1 1 11 2.</_></rects>
      <tilted>1</tilted></_>
    <_>
      <rects>
        <_>
          11 5 4 3 -1.</_>
        <_>
          11 6 4 1 3.</_></rects>
      <tilted>0</tilted></_>
    <_>
      <rects>
        <_>
          11 10 2 10 -1.</_>
        <_>
          11 10 1 5 2.</_>
        <_>
          12 15 1 5 2.</_></rects>
      <tilted>0</tilted></_>
    <_>
      <rects>
        <_>
          11 17 3 3 -1.</_>
        <_>
          12 18 1 1 9.</_></rects>
      <tilted>0</tilted></_>
    <_>
      <rects>
        <_>
          11 18 3 2 -1.</_>
        <_>
          12 18 1 2 3.</_></rects>
      <tilted>0</tilted></_>
    <_>
      <rects>
        <_>
          11 19 4 1 -1.</_>
        <_>
          12 19 2 1 2.</_></rects>
      <tilted>0</tilted></_>
    <_>
      <rects>
        <_>
          12 0 2 1 -1.</_>
        <_>
          12 0 1 1 2.</_></rects>
      <tilted>1</tilted></_>
    <_>
      <rects>
        <_>
          12 1 8 10 -1.</_>
        <_>
          12 1 8 5 2.</_></rects>
      <tilted>1</tilted></_>
    <_>
      <rects>
        <_>
          12 2 8 4 -1.</_>
        <_>
          14 4 4 4 2.</_></rects>
      <tilted>1</tilted></_>
    <_>
      <rects>
        <_>
          12 2 8 10 -1.</_>
        <_>
          12 2 4 5 2.</_>
        <_>
          16 7 4 5 2.</_></rects>
      <tilted>0</tilted></_>
    <_>
      <rects>
        <_>
          12 3 8 6 -1.</_>
        <_>
          12 3 4 3 2.</_>
        <_>
          16 6 4 3 2.</_></rects>
      <tilted>0</tilted></_>
    <_>
      <rects>
        <_>
          12 6 4 1 -1.</_>
        <_>
          14 6 2 1 2.</_></rects>
      <tilted>0</tilted></_>
    <_>
      <rects>
        <_>
          12 7 4 2 -1.</_>
        <_>
          14 7 2 2 2.</_></rects>
      <tilted>0</tilted></_>
    <_>
      <rects>
        <_>
          12 12 6 4 -1.</_>
        <_>
          12 13 6 2 2.</_></rects>
      <tilted>0</tilted></_>
    <_>
      <rects>
        <_>
          12 14 1 2 -1.</_>
        <_>
          12 14 1 1 2.</_></rects>
      <tilted>1</tilted></_>
    <_>
      <rects>
        <_>
          12 17 6 2 -1.</_>
        <_>
          14 17 2 2 3.</_></rects>
      <tilted>0</tilted></_>
    <_>
      <rects>
        <_>
          12 17 5 3 -1.</_>
        <_>
          12 18 5 1 3.</_></rects>
      <tilted>0</tilted></_>
    <_>
      <rects>
        <_>
          12 19 4 1 -1.</_>
        <_>
          13 19 2 1 2.</_></rects>
      <tilted>0</tilted></_>
    <_>
      <rects>
        <_>
          13 0 1 2 -1.</_>
        <_>
          13 1 1 1 2.</_></rects>
      <tilted>0</tilted></_>
    <_>
      <rects>
        <_>
          13 0 6 2 -1.</_>
        <_>
          13 0 3 1 2.</_>
        <_>
          16 1 3 1 2.</_></rects>
      <tilted>0</tilted></_>
    <_>
      <rects>
        <_>
          13 1 2 4 -1.</_>
        <_>
          13 2 2 2 2.</_></rects>
      <tilted>0</tilted></_>
    <_>
      <rects>
        <_>
          13 14 4 2 -1.</_>
        <_>
          14 14 2 2 2.</_></rects>
      <tilted>0</tilted></_>
    <_>
      <rects>
        <_>
          13 19 3 1 -1.</_>
        <_>
          14 19 1 1 3.</_></rects>
      <tilted>0</tilted></_>
    <_>
      <rects>
        <_>
          14 0 4 6 -1.</_>
        <_>
          14 3 4 3 2.</_></rects>
      <tilted>0</tilted></_>
    <_>
      <rects>
        <_>
          14 1 6 4 -1.</_>
        <_>
          14 2 6 2 2.</_></rects>
      <tilted>0</tilted></_>
    <_>
      <rects>
        <_>
          14 2 4 2 -1.</_>
        <_>
          14 2 2 1 2.</_>
        <_>
          16 3 2 1 2.</_></rects>
      <tilted>0</tilted></_>
    <_>
      <rects>
        <_>
          14 5 1 3 -1.</_>
        <_>
          14 6 1 1 3.</_></rects>
      <tilted>0</tilted></_>
    <_>
      <rects>
        <_>
          14 5 2 3 -1.</_>
        <_>
          14 6 2 1 3.</_></rects>
      <tilted>0</tilted></_>
    <_>
      <rects>
        <_>
          14 17 4 2 -1.</_>
        <_>
          15 17 2 2 2.</_></rects>
      <tilted>0</tilted></_>
    <_>
      <rects>
        <_>
          14 18 3 2 -1.</_>
        <_>
          15 18 1 2 3.</_></rects>
      <tilted>0</tilted></_>
    <_>
      <rects>
        <_>
          14 18 4 2 -1.</_>
        <_>
          14 18 2 1 2.</_>
        <_>
          16 19 2 1 2.</_></rects>
      <tilted>0</tilted></_>
    <_>
      <rects>
        <_>
          14 19 3 1 -1.</_>
        <_>
          15 19 1 1 3.</_></rects>
      <tilted>0</tilted></_>
    <_>
      <rects>
        <_>
          15 2 4 8 -1.</_>
        <_>
          15 2 2 4 2.</_>
        <_>
          17 6 2 4 2.</_></rects>
      <tilted>0</tilted></_>
    <_>
      <rects>
        <_>
          15 12 2 5 -1.</_>
        <_>
          15 12 1 5 2.</_></rects>
      <tilted>1</tilted></_>
    <_>
      <rects>
        <_>
          16 2 2 1 -1.</_>
        <_>
          17 2 1 1 2.</_></rects>
      <tilted>0</tilted></_>
    <_>
      <rects>
        <_>
          16 2 2 5 -1.</_>
        <_>
          17 2 1 5 2.</_></rects>
      <tilted>0</tilted></_>
    <_>
      <rects>
        <_>
          16 7 4 8 -1.</_>
        <_>
          16 7 2 4 2.</_>
        <_>
          18 11 2 4 2.</_></rects>
      <tilted>0</tilted></_>
    <_>
      <rects>
        <_>
          16 8 1 12 -1.</_>
        <_>
          16 12 1 4 3.</_></rects>
      <tilted>0</tilted></_>
    <_>
      <rects>
        <_>
          16 10 4 10 -1.</_>
        <_>
          16 10 2 5 2.</_>
        <_>
          18 15 2 5 2.</_></rects>
      <tilted>0</tilted></_>
    <_>
      <rects>
        <_>
          17 0 3 12 -1.</_>
        <_>
          17 4 3 4 3.</_></rects>
      <tilted>0</tilted></_>
    <_>
      <rects>
        <_>
          17 1 3 4 -1.</_>
        <_>
          16 2 3 2 2.</_></rects>
      <tilted>1</tilted></_>
    <_>
      <rects>
        <_>
          17 5 2 10 -1.</_>
        <_>
          17 5 1 5 2.</_>
        <_>
          18 10 1 5 2.</_></rects>
      <tilted>0</tilted></_>
    <_>
      <rects>
        <_>
          17 8 3 5 -1.</_>
        <_>
          18 8 1 5 3.</_></rects>
      <tilted>0</tilted></_>
    <_>
      <rects>
        <_>
          17 10 1 8 -1.</_>
        <_>
          17 14 1 4 2.</_></rects>
      <tilted>0</tilted></_>
    <_>
      <rects>
        <_>
          17 14 3 5 -1.</_>
        <_>
          18 14 1 5 3.</_></rects>
      <tilted>0</tilted></_>
    <_>
      <rects>
        <_>
          17 18 1 2 -1.</_>
        <_>
          17 19 1 1 2.</_></rects>
      <tilted>0</tilted></_>
    <_>
      <rects>
        <_>
          17 19 2 1 -1.</_>
        <_>
          18 19 1 1 2.</_></rects>
      <tilted>0</tilted></_>
    <_>
      <rects>
        <_>
          18 0 1 4 -1.</_>
        <_>
          18 0 1 2 2.</_></rects>
      <tilted>1</tilted></_>
    <_>
      <rects>
        <_>
          18 0 2 3 -1.</_>
        <_>
          18 1 2 1 3.</_></rects>
      <tilted>0</tilted></_>
    <_>
      <rects>
        <_>
          18 1 2 2 -1.</_>
        <_>
          18 1 2 1 2.</_></rects>
      <tilted>1</tilted></_>
    <_>
      <rects>
        <_>
          18 3 1 3 -1.</_>
        <_>
          18 4 1 1 3.</_></rects>
      <tilted>0</tilted></_>
    <_>
      <rects>
        <_>
          18 5 2 15 -1.</_>
        <_>
          19 5 1 15 2.</_></rects>
      <tilted>0</tilted></_>
    <_>
      <rects>
        <_>
          18 7 2 3 -1.</_>
        <_>
          19 7 1 3 2.</_></rects>
      <tilted>0</tilted></_>
    <_>
      <rects>
        <_>
          18 8 2 1 -1.</_>
        <_>
          19 8 1 1 2.</_></rects>
      <tilted>0</tilted></_>
    <_>
      <rects>
        <_>
          18 8 2 2 -1.</_>
        <_>
          18 8 1 1 2.</_>
        <_>
          19 9 1 1 2.</_></rects>
      <tilted>0</tilted></_>
    <_>
      <rects>
        <_>
          18 9 2 10 -1.</_>
        <_>
          18 9 1 5 2.</_>
        <_>
          19 14 1 5 2.</_></rects>
      <tilted>0</tilted></_>
    <_>
      <rects>
        <_>
          18 11 2 8 -1.</_>
        <_>
          18 11 1 4 2.</_>
        <_>
          19 15 1 4 2.</_></rects>
      <tilted>0</tilted></_>
    <_>
      <rects>
        <_>
          18 15 2 5 -1.</_>
        <_>
          19 15 1 5 2.</_></rects>
      <tilted>0</tilted></_>
    <_>
      <rects>
        <_>
          18 17 2 1 -1.</_>
        <_>
          19 17 1 1 2.</_></rects>
      <tilted>0</tilted></_>
    <_>
      <rects>
        <_>
          18 17 2 2 -1.</_>
        <_>
          19 17 1 2 2.</_></rects>
      <tilted>0</tilted></_>
    <_>
      <rects>
        <_>
          18 18 2 1 -1.</_>
        <_>
          19 18 1 1 2.</_></rects>
      <tilted>0</tilted></_>
    <_>
      <rects>
        <_>
          18 19 2 1 -1.</_>
        <_>
          19 19 1 1 2.</_></rects>
      <tilted>0</tilted></_>
    <_>
      <rects>
        <_>
          19 0 1 4 -1.</_>
        <_>
          19 1 1 2 2.</_></rects>
      <tilted>0</tilted></_>
    <_>
      <rects>
        <_>
          19 15 1 4 -1.</_>
        <_>
          19 16 1 2 2.</_></rects>
      <tilted>0</tilted></_>
    <_>
      <rects>
        <_>
          19 18 1 2 -1.</_>
        <_>
          19 19 1 1 2.</_></rects>
      <tilted>0</tilted></_></features></cascade>
</opencv_storage>
