<?xml version="1.0"?>
<opencv_storage>
<cascade>
  <stageType>BOOST</stageType>
  <featureType>HAAR</featureType>
  <height>20</height>
  <width>20</width>
  <stageParams>
    <boostType>GAB</boostType>
    <minHitRate>9.9900001287460327e-01</minHitRate>
    <maxFalseAlarm>5.0000000000000000e-01</maxFalseAlarm>
    <weightTrimRate>9.4999999999999996e-01</weightTrimRate>
    <maxDepth>1</maxDepth>
    <maxWeakCount>100</maxWeakCount></stageParams>
  <featureParams>
    <maxCatCount>0</maxCatCount>
    <featSize>1</featSize>
    <mode>ALL</mode></featureParams>
  <stageNum>20</stageNum>
  <stages>
    <!-- stage 0 -->
    <_>
      <maxWeakCount>3</maxWeakCount>
      <stageThreshold>-5.5325883626937866e-01</stageThreshold>
      <weakClassifiers>
        <_>
          <internalNodes>
            0 -1 100 -7.8139211982488632e-03</internalNodes>
          <leafValues>
            5.8878505229949951e-01 -7.5824177265167236e-01</leafValues></_>
        <_>
          <internalNodes>
            0 -1 127 -1.8042454030364752e-03</internalNodes>
          <leafValues>
            7.5062370300292969e-01 -5.6403762102127075e-01</leafValues></_>
        <_>
          <internalNodes>
            0 -1 65 3.6299545317888260e-02</internalNodes>
          <leafValues>
            -5.0021725893020630e-01 7.6902055740356445e-01</leafValues></_></weakClassifiers></_>
    <!-- stage 1 -->
    <_>
      <maxWeakCount>3</maxWeakCount>
      <stageThreshold>-3.0931374430656433e-01</stageThreshold>
      <weakClassifiers>
        <_>
          <internalNodes>
            0 -1 49 -6.1499796807765961e-02</internalNodes>
          <leafValues>
            7.3134326934814453e-01 -5.5855858325958252e-01</leafValues></_>
        <_>
          <internalNodes>
            0 -1 2 9.0141536202281713e-04</internalNodes>
          <leafValues>
            -4.7886410355567932e-01 6.3992094993591309e-01</leafValues></_>
        <_>
          <internalNodes>
            0 -1 15 -1.4069284079596400e-03</internalNodes>
          <leafValues>
            7.2810894250869751e-01 -3.6161753535270691e-01</leafValues></_></weakClassifiers></_>
    <!-- stage 2 -->
    <_>
      <maxWeakCount>4</maxWeakCount>
      <stageThreshold>-6.9446951150894165e-01</stageThreshold>
      <weakClassifiers>
        <_>
          <internalNodes>
            0 -1 34 7.6090201735496521e-02</internalNodes>
          <leafValues>
            -6.4593303203582764e-01 7.5000000000000000e-01</leafValues></_>
        <_>
          <internalNodes>
            0 -1 22 1.2892618775367737e-01</internalNodes>
          <leafValues>
            -5.2197605371475220e-01 7.5600314140319824e-01</leafValues></_>
        <_>
          <internalNodes>
            0 -1 19 -3.6909703165292740e-02</internalNodes>
          <leafValues>
            8.6335545778274536e-01 -3.6270427703857422e-01</leafValues></_>
        <_>
          <internalNodes>
            0 -1 26 -3.9055183529853821e-02</internalNodes>
          <leafValues>
            8.3614379167556763e-01 -3.6811789870262146e-01</leafValues></_></weakClassifiers></_>
    <!-- stage 3 -->
    <_>
      <maxWeakCount>5</maxWeakCount>
      <stageThreshold>-7.6773130893707275e-01</stageThreshold>
      <weakClassifiers>
        <_>
          <internalNodes>
            0 -1 31 2.5490427017211914e-01</internalNodes>
          <leafValues>
            -5.3153151273727417e-01 6.4179104566574097e-01</leafValues></_>
        <_>
          <internalNodes>
            0 -1 43 -4.8676542937755585e-03</internalNodes>
          <leafValues>
            -8.0465251207351685e-01 2.4915131926536560e-01</leafValues></_>
        <_>
          <internalNodes>
            0 -1 44 -2.7369162999093533e-03</internalNodes>
          <leafValues>
            -8.3477550745010376e-01 2.1410955488681793e-01</leafValues></_>
        <_>
          <internalNodes>
            0 -1 56 -1.5672374283894897e-03</internalNodes>
          <leafValues>
            -9.6187281608581543e-01 1.7852038145065308e-01</leafValues></_>
        <_>
          <internalNodes>
            0 -1 110 -1.2885011732578278e-02</internalNodes>
          <leafValues>
            -9.3213927745819092e-01 1.7582276463508606e-01</leafValues></_></weakClassifiers></_>
    <!-- stage 4 -->
    <_>
      <maxWeakCount>5</maxWeakCount>
      <stageThreshold>-6.1839002370834351e-01</stageThreshold>
      <weakClassifiers>
        <_>
          <internalNodes>
            0 -1 40 -3.1999919563531876e-02</internalNodes>
          <leafValues>
            8.9743590354919434e-01 -4.3999999761581421e-01</leafValues></_>
        <_>
          <internalNodes>
            0 -1 73 -6.0373075306415558e-02</internalNodes>
          <leafValues>
            6.7074954509735107e-01 -3.2112935185432434e-01</leafValues></_>
        <_>
          <internalNodes>
            0 -1 25 -3.4420277923345566e-02</internalNodes>
          <leafValues>
            -8.3959031105041504e-01 2.8557378053665161e-01</leafValues></_>
        <_>
          <internalNodes>
            0 -1 82 9.7358375787734985e-03</internalNodes>
          <leafValues>
            -3.0699998140335083e-01 7.4238312244415283e-01</leafValues></_>
        <_>
          <internalNodes>
            0 -1 86 -7.2272447869181633e-03</internalNodes>
          <leafValues>
            -7.8658705949783325e-01 2.9745072126388550e-01</leafValues></_></weakClassifiers></_>
    <!-- stage 5 -->
    <_>
      <maxWeakCount>6</maxWeakCount>
      <stageThreshold>-8.4036415815353394e-01</stageThreshold>
      <weakClassifiers>
        <_>
          <internalNodes>
            0 -1 70 1.8471812829375267e-02</internalNodes>
          <leafValues>
            -4.2857143282890320e-01 8.9189189672470093e-01</leafValues></_>
        <_>
          <internalNodes>
            0 -1 120 3.7844516336917877e-02</internalNodes>
          <leafValues>
            -5.7627218961715698e-01 3.9157018065452576e-01</leafValues></_>
        <_>
          <internalNodes>
            0 -1 81 8.6661297827959061e-03</internalNodes>
          <leafValues>
            -3.3888289332389832e-01 6.5173012018203735e-01</leafValues></_>
        <_>
          <internalNodes>
            0 -1 27 6.8428330123424530e-03</internalNodes>
          <leafValues>
            -2.0276594161987305e-01 8.0540621280670166e-01</leafValues></_>
        <_>
          <internalNodes>
            0 -1 83 6.1339652165770531e-03</internalNodes>
          <leafValues>
            2.4390496313571930e-01 -8.8026762008666992e-01</leafValues></_>
        <_>
          <internalNodes>
            0 -1 111 2.1770866587758064e-03</internalNodes>
          <leafValues>
            -4.2611035704612732e-01 4.6222335100173950e-01</leafValues></_></weakClassifiers></_>
    <!-- stage 6 -->
    <_>
      <maxWeakCount>8</maxWeakCount>
      <stageThreshold>-1.2521822452545166e+00</stageThreshold>
      <weakClassifiers>
        <_>
          <internalNodes>
            0 -1 35 1.1239172518253326e-01</internalNodes>
          <leafValues>
            -4.8051947355270386e-01 6.2068963050842285e-01</leafValues></_>
        <_>
          <internalNodes>
            0 -1 32 2.1549608558416367e-02</internalNodes>
          <leafValues>
            2.1144738793373108e-01 -8.0602413415908813e-01</leafValues></_>
        <_>
          <internalNodes>
            0 -1 118 -1.9388917833566666e-02</internalNodes>
          <leafValues>
            3.7240713834762573e-01 -4.6724817156791687e-01</leafValues></_>
        <_>
          <internalNodes>
            0 -1 133 6.2440899200737476e-03</internalNodes>
          <leafValues>
            -3.2097947597503662e-01 5.3029215335845947e-01</leafValues></_>
        <_>
          <internalNodes>
            0 -1 72 -1.0771185159683228e-02</internalNodes>
          <leafValues>
            7.1339845657348633e-01 -2.5372302532196045e-01</leafValues></_>
        <_>
          <internalNodes>
            0 -1 12 -3.4406937658786774e-02</internalNodes>
          <leafValues>
            9.0123093128204346e-01 -1.9624741375446320e-01</leafValues></_>
        <_>
          <internalNodes>
            0 -1 18 -1.6560612246394157e-02</internalNodes>
          <leafValues>
            7.5525969266891479e-01 -1.8704918026924133e-01</leafValues></_>
        <_>
          <internalNodes>
            0 -1 37 1.0029960423707962e-02</internalNodes>
          <leafValues>
            -3.2235562801361084e-01 7.0909965038299561e-01</leafValues></_></weakClassifiers></_>
    <!-- stage 7 -->
    <_>
      <maxWeakCount>7</maxWeakCount>
      <stageThreshold>-8.6273473501205444e-01</stageThreshold>
      <weakClassifiers>
        <_>
          <internalNodes>
            0 -1 66 -3.8057066500186920e-02</internalNodes>
          <leafValues>
            3.1111112236976624e-01 -5.1758795976638794e-01</leafValues></_>
        <_>
          <internalNodes>
            0 -1 42 -4.7875810414552689e-03</internalNodes>
          <leafValues>
            3.5682785511016846e-01 -4.5110687613487244e-01</leafValues></_>
        <_>
          <internalNodes>
            0 -1 115 -4.6441080048680305e-03</internalNodes>
          <leafValues>
            5.5009192228317261e-01 -3.3450183272361755e-01</leafValues></_>
        <_>
          <internalNodes>
            0 -1 58 4.2937090620398521e-04</internalNodes>
          <leafValues>
            2.0604082942008972e-01 -7.7564585208892822e-01</leafValues></_>
        <_>
          <internalNodes>
            0 -1 29 -9.6232555806636810e-03</internalNodes>
          <leafValues>
            7.5963759422302246e-01 -2.1348537504673004e-01</leafValues></_>
        <_>
          <internalNodes>
            0 -1 101 -1.3209589524194598e-03</internalNodes>
          <leafValues>
            4.6614587306976318e-01 -3.3981373906135559e-01</leafValues></_>
        <_>
          <internalNodes>
            0 -1 93 1.3234844431281090e-02</internalNodes>
          <leafValues>
            1.7115128040313721e-01 -8.4693843126296997e-01</leafValues></_></weakClassifiers></_>
    <!-- stage 8 -->
    <_>
      <maxWeakCount>7</maxWeakCount>
      <stageThreshold>-6.5202522277832031e-01</stageThreshold>
      <weakClassifiers>
        <_>
          <internalNodes>
            0 -1 85 1.0581913590431213e-01</internalNodes>
          <leafValues>
            -4.8623853921890259e-01 4.3661972880363464e-01</leafValues></_>
        <_>
          <internalNodes>
            0 -1 126 1.6476348042488098e-02</internalNodes>
          <leafValues>
            1.8795686960220337e-01 -7.1070277690887451e-01</leafValues></_>
        <_>
          <internalNodes>
            0 -1 71 -7.4963998049497604e-03</internalNodes>
          <leafValues>
            6.4415305852890015e-01 -2.9545727372169495e-01</leafValues></_>
        <_>
          <internalNodes>
            0 -1 67 5.7833073660731316e-03</internalNodes>
          <leafValues>
            -2.1750083565711975e-01 6.2487149238586426e-01</leafValues></_>
        <_>
          <internalNodes>
            0 -1 71 9.5215626060962677e-03</internalNodes>
          <leafValues>
            -1.9595484435558319e-01 8.7291926145553589e-01</leafValues></_>
        <_>
          <internalNodes>
            0 -1 4 3.5496901720762253e-02</internalNodes>
          <leafValues>
            -1.5765888988971710e-01 8.4887474775314331e-01</leafValues></_>
        <_>
          <internalNodes>
            0 -1 23 3.1347282230854034e-02</internalNodes>
          <leafValues>
            -3.2954400777816772e-01 5.8920532464981079e-01</leafValues></_></weakClassifiers></_>
    <!-- stage 9 -->
    <_>
      <maxWeakCount>7</maxWeakCount>
      <stageThreshold>-8.8384574651718140e-01</stageThreshold>
      <weakClassifiers>
        <_>
          <internalNodes>
            0 -1 9 1.1101841926574707e-02</internalNodes>
          <leafValues>
            -4.9268293380737305e-01 3.0952382087707520e-01</leafValues></_>
        <_>
          <internalNodes>
            0 -1 106 2.2139800712466240e-02</internalNodes>
          <leafValues>
            -2.6202219724655151e-01 5.9013414382934570e-01</leafValues></_>
        <_>
          <internalNodes>
            0 -1 117 1.8709830474108458e-03</internalNodes>
          <leafValues>
            -3.1393310427665710e-01 4.7630774974822998e-01</leafValues></_>
        <_>
          <internalNodes>
            0 -1 89 9.8461229354143143e-03</internalNodes>
          <leafValues>
            2.2552621364593506e-01 -7.8255134820938110e-01</leafValues></_>
        <_>
          <internalNodes>
            0 -1 36 -1.4230265282094479e-02</internalNodes>
          <leafValues>
            -8.2913553714752197e-01 1.9463440775871277e-01</leafValues></_>
        <_>
          <internalNodes>
            0 -1 62 -5.4574746638536453e-02</internalNodes>
          <leafValues>
            -1. 1.1461402475833893e-01</leafValues></_>
        <_>
          <internalNodes>
            0 -1 75 4.0301661938428879e-03</internalNodes>
          <leafValues>
            -3.4998214244842529e-01 4.7176215052604675e-01</leafValues></_></weakClassifiers></_>
    <!-- stage 10 -->
    <_>
      <maxWeakCount>8</maxWeakCount>
      <stageThreshold>-5.5933451652526855e-01</stageThreshold>
      <weakClassifiers>
        <_>
          <internalNodes>
            0 -1 57 2.2896056994795799e-02</internalNodes>
          <leafValues>
            -4.1224488615989685e-01 5.9090906381607056e-01</leafValues></_>
        <_>
          <internalNodes>
            0 -1 95 -1.2442519515752792e-01</internalNodes>
          <leafValues>
            3.9698943495750427e-01 -3.6659359931945801e-01</leafValues></_>
        <_>
          <internalNodes>
            0 -1 50 -3.8229714846238494e-04</internalNodes>
          <leafValues>
            3.7029907107353210e-01 -4.4668322801589966e-01</leafValues></_>
        <_>
          <internalNodes>
            0 -1 108 -2.0102687994949520e-04</internalNodes>
          <leafValues>
            4.9475026130676270e-01 -3.5098648071289062e-01</leafValues></_>
        <_>
          <internalNodes>
            0 -1 51 -1.1126486584544182e-02</internalNodes>
          <leafValues>
            5.9035384654998779e-01 -2.6734814047813416e-01</leafValues></_>
        <_>
          <internalNodes>
            0 -1 105 8.3770267665386200e-03</internalNodes>
          <leafValues>
            -5.1157444715499878e-01 3.3409544825553894e-01</leafValues></_>
        <_>
          <internalNodes>
            0 -1 131 -4.4856774620711803e-03</internalNodes>
          <leafValues>
            6.8416219949722290e-01 -2.4903334677219391e-01</leafValues></_>
        <_>
          <internalNodes>
            0 -1 88 6.4784833230078220e-03</internalNodes>
          <leafValues>
            -3.7601992487907410e-01 4.6456429362297058e-01</leafValues></_></weakClassifiers></_>
    <!-- stage 11 -->
    <_>
      <maxWeakCount>9</maxWeakCount>
      <stageThreshold>-7.0673161745071411e-01</stageThreshold>
      <weakClassifiers>
        <_>
          <internalNodes>
            0 -1 39 6.7609056830406189e-02</internalNodes>
          <leafValues>
            -3.9062500000000000e-01 7.5757575035095215e-01</leafValues></_>
        <_>
          <internalNodes>
            0 -1 116 -7.7914739958941936e-03</internalNodes>
          <leafValues>
            4.6004992723464966e-01 -3.0547341704368591e-01</leafValues></_>
        <_>
          <internalNodes>
            0 -1 60 3.3657528460025787e-02</internalNodes>
          <leafValues>
            -4.3629226088523865e-01 3.3234137296676636e-01</leafValues></_>
        <_>
          <internalNodes>
            0 -1 98 2.0707416534423828e-01</internalNodes>
          <leafValues>
            2.3347674310207367e-01 -6.9366872310638428e-01</leafValues></_>
        <_>
          <internalNodes>
            0 -1 124 -6.2229093164205551e-03</internalNodes>
          <leafValues>
            -7.4920833110809326e-01 1.9428032636642456e-01</leafValues></_>
        <_>
          <internalNodes>
            0 -1 135 -1.9477379973977804e-03</internalNodes>
          <leafValues>
            -7.8705585002899170e-01 1.8016517162322998e-01</leafValues></_>
        <_>
          <internalNodes>
            0 -1 104 -1.5130085870623589e-02</internalNodes>
          <leafValues>
            6.8675696849822998e-01 -2.3397290706634521e-01</leafValues></_>
        <_>
          <internalNodes>
            0 -1 6 2.5392465293407440e-02</internalNodes>
          <leafValues>
            -3.1111726164817810e-01 4.7148025035858154e-01</leafValues></_>
        <_>
          <internalNodes>
            0 -1 11 -1.6896273940801620e-02</internalNodes>
          <leafValues>
            7.2882729768753052e-01 -2.2784137725830078e-01</leafValues></_></weakClassifiers></_>
    <!-- stage 12 -->
    <_>
      <maxWeakCount>10</maxWeakCount>
      <stageThreshold>-1.0759023427963257e+00</stageThreshold>
      <weakClassifiers>
        <_>
          <internalNodes>
            0 -1 0 -1.7445698380470276e-02</internalNodes>
          <leafValues>
            3.5211268067359924e-01 -4.5871558785438538e-01</leafValues></_>
        <_>
          <internalNodes>
            0 -1 129 -6.9498782977461815e-04</internalNodes>
          <leafValues>
            2.9094904661178589e-01 -4.0994259715080261e-01</leafValues></_>
        <_>
          <internalNodes>
            0 -1 130 2.1821474656462669e-03</internalNodes>
          <leafValues>
            -2.6089698076248169e-01 4.8742574453353882e-01</leafValues></_>
        <_>
          <internalNodes>
            0 -1 128 -3.5781611222773790e-04</internalNodes>
          <leafValues>
            3.1271827220916748e-01 -4.5824792981147766e-01</leafValues></_>
        <_>
          <internalNodes>
            0 -1 45 1.2415258679538965e-03</internalNodes>
          <leafValues>
            2.2553052008152008e-01 -8.4624660015106201e-01</leafValues></_>
        <_>
          <internalNodes>
            0 -1 68 2.1107457578182220e-03</internalNodes>
          <leafValues>
            -3.3552077412605286e-01 4.9204286932945251e-01</leafValues></_>
        <_>
          <internalNodes>
            0 -1 90 -2.2307934705168009e-03</internalNodes>
          <leafValues>
            8.4961050748825073e-01 -1.8414857983589172e-01</leafValues></_>
        <_>
          <internalNodes>
            0 -1 48 -9.2362826690077782e-03</internalNodes>
          <leafValues>
            -9.2122197151184082e-01 1.9547247886657715e-01</leafValues></_>
        <_>
          <internalNodes>
            0 -1 61 -1.1129134800285101e-03</internalNodes>
          <leafValues>
            -5.3053981065750122e-01 2.3655050992965698e-01</leafValues></_>
        <_>
          <internalNodes>
            0 -1 80 1.3266678433865309e-03</internalNodes>
          <leafValues>
            -3.2687500119209290e-01 4.9167057871818542e-01</leafValues></_></weakClassifiers></_>
    <!-- stage 13 -->
    <_>
      <maxWeakCount>7</maxWeakCount>
      <stageThreshold>-9.8583161830902100e-01</stageThreshold>
      <weakClassifiers>
        <_>
          <internalNodes>
            0 -1 46 -1.6487736254930496e-02</internalNodes>
          <leafValues>
            9.2307692766189575e-01 -3.7642586231231689e-01</leafValues></_>
        <_>
          <internalNodes>
            0 -1 76 -9.3400443438440561e-04</internalNodes>
          <leafValues>
            -9.2250317335128784e-01 1.3148382306098938e-01</leafValues></_>
        <_>
          <internalNodes>
            0 -1 16 2.4686492979526520e-03</internalNodes>
          <leafValues>
            -2.1082951128482819e-01 6.4594519138336182e-01</leafValues></_>
        <_>
          <internalNodes>
            0 -1 77 1.1181496083736420e-03</internalNodes>
          <leafValues>
            3.1712672114372253e-01 -6.1215025186538696e-01</leafValues></_>
        <_>
          <internalNodes>
            0 -1 113 1.8578749150037766e-03</internalNodes>
          <leafValues>
            -4.1338396072387695e-01 3.5379102826118469e-01</leafValues></_>
        <_>
          <internalNodes>
            0 -1 109 -4.7135062515735626e-02</internalNodes>
          <leafValues>
            -9.6665364503860474e-01 1.2127231806516647e-01</leafValues></_>
        <_>
          <internalNodes>
            0 -1 54 3.7485626526176929e-03</internalNodes>
          <leafValues>
            -5.5507510900497437e-01 2.1043021976947784e-01</leafValues></_></weakClassifiers></_>
    <!-- stage 14 -->
    <_>
      <maxWeakCount>9</maxWeakCount>
      <stageThreshold>-8.1778395175933838e-01</stageThreshold>
      <weakClassifiers>
        <_>
          <internalNodes>
            0 -1 53 3.2338544726371765e-02</internalNodes>
          <leafValues>
            -3.8582676649093628e-01 6.5714287757873535e-01</leafValues></_>
        <_>
          <internalNodes>
            0 -1 123 -1.5120635507628322e-03</internalNodes>
          <leafValues>
            -3.6244529485702515e-01 3.6942985653877258e-01</leafValues></_>
        <_>
          <internalNodes>
            0 -1 55 4.6040458255447447e-04</internalNodes>
          <leafValues>
            3.1624960899353027e-01 -4.1951045393943787e-01</leafValues></_>
        <_>
          <internalNodes>
            0 -1 94 3.1345477327704430e-03</internalNodes>
          <leafValues>
            -3.9702928066253662e-01 4.0026959776878357e-01</leafValues></_>
        <_>
          <internalNodes>
            0 -1 134 3.3296301262453198e-04</internalNodes>
          <leafValues>
            -2.0830133557319641e-01 5.9710007905960083e-01</leafValues></_>
        <_>
          <internalNodes>
            0 -1 13 8.7622012943029404e-03</internalNodes>
          <leafValues>
            -2.5308427214622498e-01 6.0461717844009399e-01</leafValues></_>
        <_>
          <internalNodes>
            0 -1 24 -8.7292306125164032e-03</internalNodes>
          <leafValues>
            -7.8377342224121094e-01 2.0619586110115051e-01</leafValues></_>
        <_>
          <internalNodes>
            0 -1 69 -8.5212113335728645e-03</internalNodes>
          <leafValues>
            7.1944117546081543e-01 -2.6483505964279175e-01</leafValues></_>
        <_>
          <internalNodes>
            0 -1 79 -5.4443394765257835e-04</internalNodes>
          <leafValues>
            5.7646232843399048e-01 -2.0058253407478333e-01</leafValues></_></weakClassifiers></_>
    <!-- stage 15 -->
    <_>
      <maxWeakCount>10</maxWeakCount>
      <stageThreshold>-8.8598221540451050e-01</stageThreshold>
      <weakClassifiers>
        <_>
          <internalNodes>
            0 -1 59 -1.7869599163532257e-02</internalNodes>
          <leafValues>
            5.3571426868438721e-01 -4.5064377784729004e-01</leafValues></_>
        <_>
          <internalNodes>
            0 -1 78 -1.9079271703958511e-02</internalNodes>
          <leafValues>
            7.5140249729156494e-01 -1.8612669408321381e-01</leafValues></_>
        <_>
          <internalNodes>
            0 -1 112 -9.4983372837305069e-03</internalNodes>
          <leafValues>
            5.3031033277511597e-01 -2.2112004458904266e-01</leafValues></_>
        <_>
          <internalNodes>
            0 -1 121 2.9165404848754406e-03</internalNodes>
          <leafValues>
            -4.1096389293670654e-01 3.0246788263320923e-01</leafValues></_>
        <_>
          <internalNodes>
            0 -1 3 1.1061215773224831e-02</internalNodes>
          <leafValues>
            2.2271445393562317e-01 -6.4597547054290771e-01</leafValues></_>
        <_>
          <internalNodes>
            0 -1 97 -8.5766827687621117e-03</internalNodes>
          <leafValues>
            -9.5745390653610229e-01 1.2300162762403488e-01</leafValues></_>
        <_>
          <internalNodes>
            0 -1 84 -3.2034064643085003e-03</internalNodes>
          <leafValues>
            4.6139106154441833e-01 -2.9737851023674011e-01</leafValues></_>
        <_>
          <internalNodes>
            0 -1 102 3.1658396124839783e-02</internalNodes>
          <leafValues>
            -1.8353822827339172e-01 7.6302200555801392e-01</leafValues></_>
        <_>
          <internalNodes>
            0 -1 122 -2.9667798429727554e-02</internalNodes>
          <leafValues>
            -6.9881260395050049e-01 2.1217760443687439e-01</leafValues></_>
        <_>
          <internalNodes>
            0 -1 33 -9.5941126346588135e-02</internalNodes>
          <leafValues>
            5.8031857013702393e-01 -2.5531587004661560e-01</leafValues></_></weakClassifiers></_>
    <!-- stage 16 -->
    <_>
      <maxWeakCount>7</maxWeakCount>
      <stageThreshold>-6.3609582185745239e-01</stageThreshold>
      <weakClassifiers>
        <_>
          <internalNodes>
            0 -1 28 2.5752017274498940e-02</internalNodes>
          <leafValues>
            -3.6603772640228271e-01 9.1666668653488159e-01</leafValues></_>
        <_>
          <internalNodes>
            0 -1 125 -5.3422055207192898e-03</internalNodes>
          <leafValues>
            4.6225062012672424e-01 -3.5936972498893738e-01</leafValues></_>
        <_>
          <internalNodes>
            0 -1 74 5.3518004715442657e-02</internalNodes>
          <leafValues>
            -2.8330039978027344e-01 4.7658148407936096e-01</leafValues></_>
        <_>
          <internalNodes>
            0 -1 1 -1.3924516737461090e-02</internalNodes>
          <leafValues>
            4.7571727633476257e-01 -3.3289021253585815e-01</leafValues></_>
        <_>
          <internalNodes>
            0 -1 30 -1.7192721366882324e-02</internalNodes>
          <leafValues>
            -1. 1.5914063155651093e-01</leafValues></_>
        <_>
          <internalNodes>
            0 -1 64 -5.9002604335546494e-02</internalNodes>
          <leafValues>
            -9.6554285287857056e-01 1.4262576401233673e-01</leafValues></_>
        <_>
          <internalNodes>
            0 -1 20 -2.8322301805019379e-03</internalNodes>
          <leafValues>
            4.2280009388923645e-01 -3.5614600777626038e-01</leafValues></_></weakClassifiers></_>
    <!-- stage 17 -->
    <_>
      <maxWeakCount>8</maxWeakCount>
      <stageThreshold>-8.9908289909362793e-01</stageThreshold>
      <weakClassifiers>
        <_>
          <internalNodes>
            0 -1 92 -2.2256756201386452e-02</internalNodes>
          <leafValues>
            8.1395345926284790e-01 -4.4715446233749390e-01</leafValues></_>
        <_>
          <internalNodes>
            0 -1 8 -1.7114792717620730e-03</internalNodes>
          <leafValues>
            4.7657579183578491e-01 -4.2663183808326721e-01</leafValues></_>
        <_>
          <internalNodes>
            0 -1 107 9.6631078049540520e-03</internalNodes>
          <leafValues>
            -2.4092100560665131e-01 7.2367423772811890e-01</leafValues></_>
        <_>
          <internalNodes>
            0 -1 114 1.0108717251569033e-03</internalNodes>
          <leafValues>
            -4.6097943186759949e-01 3.8742855191230774e-01</leafValues></_>
        <_>
          <internalNodes>
            0 -1 87 1.2737552169710398e-03</internalNodes>
          <leafValues>
            -3.5215952992439270e-01 4.5450824499130249e-01</leafValues></_>
        <_>
          <internalNodes>
            0 -1 52 -2.5315147358924150e-03</internalNodes>
          <leafValues>
            8.0223578214645386e-01 -1.9359117746353149e-01</leafValues></_>
        <_>
          <internalNodes>
            0 -1 91 1.5029137954115868e-02</internalNodes>
          <leafValues>
            2.9874297976493835e-01 -6.2427651882171631e-01</leafValues></_>
        <_>
          <internalNodes>
            0 -1 132 -2.3852982558310032e-03</internalNodes>
          <leafValues>
            5.6601840257644653e-01 -3.3749639987945557e-01</leafValues></_></weakClassifiers></_>
    <!-- stage 18 -->
    <_>
      <maxWeakCount>8</maxWeakCount>
      <stageThreshold>-8.2324671745300293e-01</stageThreshold>
      <weakClassifiers>
        <_>
          <internalNodes>
            0 -1 38 -2.4595379829406738e-02</internalNodes>
          <leafValues>
            7.6470589637756348e-01 -3.9607843756675720e-01</leafValues></_>
        <_>
          <internalNodes>
            0 -1 10 -3.2948583364486694e-02</internalNodes>
          <leafValues>
            7.1949762105941772e-01 -2.0795539021492004e-01</leafValues></_>
        <_>
          <internalNodes>
            0 -1 14 -1.2168227694928646e-03</internalNodes>
          <leafValues>
            6.4698898792266846e-01 -2.4897177517414093e-01</leafValues></_>
        <_>
          <internalNodes>
            0 -1 7 -1.6370128840208054e-02</internalNodes>
          <leafValues>
            8.1702393293380737e-01 -2.0188280940055847e-01</leafValues></_>
        <_>
          <internalNodes>
            0 -1 99 1.3059556484222412e-02</internalNodes>
          <leafValues>
            2.4603074789047241e-01 -9.1088211536407471e-01</leafValues></_>
        <_>
          <internalNodes>
            0 -1 21 -2.5279778987169266e-02</internalNodes>
          <leafValues>
            7.0433682203292847e-01 -2.5980433821678162e-01</leafValues></_>
        <_>
          <internalNodes>
            0 -1 41 1.1457030195742846e-03</internalNodes>
          <leafValues>
            -2.5558701157569885e-01 5.7455468177795410e-01</leafValues></_>
        <_>
          <internalNodes>
            0 -1 63 -3.4398767165839672e-03</internalNodes>
          <leafValues>
            5.0100231170654297e-01 -3.0792793631553650e-01</leafValues></_></weakClassifiers></_>
    <!-- stage 19 -->
    <_>
      <maxWeakCount>6</maxWeakCount>
      <stageThreshold>-6.7815041542053223e-01</stageThreshold>
      <weakClassifiers>
        <_>
          <internalNodes>
            0 -1 5 1.2978452257812023e-02</internalNodes>
          <leafValues>
            -5.0753766298294067e-01 2.8888890147209167e-01</leafValues></_>
        <_>
          <internalNodes>
            0 -1 47 1.2418475933372974e-02</internalNodes>
          <leafValues>
            1.0556664317846298e-01 -1.</leafValues></_>
        <_>
          <internalNodes>
            0 -1 17 1.3767200289294124e-04</internalNodes>
          <leafValues>
            -2.8728926181793213e-01 5.3125602006912231e-01</leafValues></_>
        <_>
          <internalNodes>
            0 -1 119 1.9725713878870010e-02</internalNodes>
          <leafValues>
            -3.6190903186798096e-01 3.7804982066154480e-01</leafValues></_>
        <_>
          <internalNodes>
            0 -1 103 1.5339866280555725e-01</internalNodes>
          <leafValues>
            -1.8875344097614288e-01 8.4719818830490112e-01</leafValues></_>
        <_>
          <internalNodes>
            0 -1 96 1.0646780952811241e-02</internalNodes>
          <leafValues>
            -1.7818652093410492e-01 7.8884065151214600e-01</leafValues></_></weakClassifiers></_></stages>
  <features>
    <_>
      <rects>
        <_>
          0 0 10 4 -1.</_>
        <_>
          0 0 5 2 2.</_>
        <_>
          5 2 5 2 2.</_></rects>
      <tilted>0</tilted></_>
    <_>
      <rects>
        <_>
          0 0 12 4 -1.</_>
        <_>
          0 0 6 2 2.</_>
        <_>
          6 2 6 2 2.</_></rects>
      <tilted>0</tilted></_>
    <_>
      <rects>
        <_>
          0 3 2 4 -1.</_>
        <_>
          1 3 1 4 2.</_></rects>
      <tilted>0</tilted></_>
    <_>
      <rects>
        <_>
          0 4 1 12 -1.</_>
        <_>
          0 7 1 6 2.</_></rects>
      <tilted>0</tilted></_>
    <_>
      <rects>
        <_>
          0 5 16 3 -1.</_>
        <_>
          0 6 16 1 3.</_></rects>
      <tilted>0</tilted></_>
    <_>
      <rects>
        <_>
          0 6 4 5 -1.</_>
        <_>
          2 6 2 5 2.</_></rects>
      <tilted>0</tilted></_>
    <_>
      <rects>
        <_>
          0 6 9 12 -1.</_>
        <_>
          3 6 3 12 3.</_></rects>
      <tilted>0</tilted></_>
    <_>
      <rects>
        <_>
          0 6 15 4 -1.</_>
        <_>
          0 7 15 2 2.</_></rects>
      <tilted>0</tilted></_>
    <_>
      <rects>
        <_>
          0 7 20 1 -1.</_>
        <_>
          10 7 10 1 2.</_></rects>
      <tilted>0</tilted></_>
    <_>
      <rects>
        <_>
          0 8 8 3 -1.</_>
        <_>
          2 8 4 3 2.</_></rects>
      <tilted>0</tilted></_>
    <_>
      <rects>
        <_>
          0 13 18 4 -1.</_>
        <_>
          0 14 18 2 2.</_></rects>
      <tilted>0</tilted></_>
    <_>
      <rects>
        <_>
          0 15 8 4 -1.</_>
        <_>
          0 16 8 2 2.</_></rects>
      <tilted>0</tilted></_>
    <_>
      <rects>
        <_>
          0 15 13 4 -1.</_>
        <_>
          0 16 13 2 2.</_></rects>
      <tilted>0</tilted></_>
    <_>
      <rects>
        <_>
          1 0 3 15 -1.</_>
        <_>
          2 0 1 15 3.</_></rects>
      <tilted>0</tilted></_>
    <_>
      <rects>
        <_>
          1 1 2 3 -1.</_>
        <_>
          1 2 2 1 3.</_></rects>
      <tilted>0</tilted></_>
    <_>
      <rects>
        <_>
          1 2 3 2 -1.</_>
        <_>
          2 2 1 2 3.</_></rects>
      <tilted>0</tilted></_>
    <_>
      <rects>
        <_>
          1 9 1 4 -1.</_>
        <_>
          1 11 1 2 2.</_></rects>
      <tilted>0</tilted></_>
    <_>
      <rects>
        <_>
          1 11 1 2 -1.</_>
        <_>
          1 12 1 1 2.</_></rects>
      <tilted>0</tilted></_>
    <_>
      <rects>
        <_>
          1 17 18 3 -1.</_>
        <_>
          1 18 18 1 3.</_></rects>
      <tilted>0</tilted></_>
    <_>
      <rects>
        <_>
          2 0 13 6 -1.</_>
        <_>
          2 2 13 2 3.</_></rects>
      <tilted>0</tilted></_>
    <_>
      <rects>
        <_>
          2 1 6 2 -1.</_>
        <_>
          4 1 2 2 3.</_></rects>
      <tilted>0</tilted></_>
    <_>
      <rects>
        <_>
          2 3 6 14 -1.</_>
        <_>
          5 3 3 14 2.</_></rects>
      <tilted>0</tilted></_>
    <_>
      <rects>
        <_>
          2 4 12 16 -1.</_>
        <_>
          2 8 12 8 2.</_></rects>
      <tilted>0</tilted></_>
    <_>
      <rects>
        <_>
          2 6 7 6 -1.</_>
        <_>
          2 8 7 2 3.</_></rects>
      <tilted>0</tilted></_>
    <_>
      <rects>
        <_>
          2 8 4 12 -1.</_>
        <_>
          4 8 2 12 2.</_></rects>
      <tilted>0</tilted></_>
    <_>
      <rects>
        <_>
          2 12 18 6 -1.</_>
        <_>
          8 12 6 6 3.</_></rects>
      <tilted>0</tilted></_>
    <_>
      <rects>
        <_>
          2 14 17 6 -1.</_>
        <_>
          2 16 17 2 3.</_></rects>
      <tilted>0</tilted></_>
    <_>
      <rects>
        <_>
          2 16 6 3 -1.</_>
        <_>
          2 17 6 1 3.</_></rects>
      <tilted>0</tilted></_>
    <_>
      <rects>
        <_>
          2 16 9 3 -1.</_>
        <_>
          2 17 9 1 3.</_></rects>
      <tilted>0</tilted></_>
    <_>
      <rects>
        <_>
          2 17 7 3 -1.</_>
        <_>
          2 18 7 1 3.</_></rects>
      <tilted>0</tilted></_>
    <_>
      <rects>
        <_>
          2 18 10 2 -1.</_>
        <_>
          7 18 5 2 2.</_></rects>
      <tilted>0</tilted></_>
    <_>
      <rects>
        <_>
          3 2 13 16 -1.</_>
        <_>
          3 6 13 8 2.</_></rects>
      <tilted>0</tilted></_>
    <_>
      <rects>
        <_>
          3 3 16 6 -1.</_>
        <_>
          3 3 8 3 2.</_>
        <_>
          11 6 8 3 2.</_></rects>
      <tilted>0</tilted></_>
    <_>
      <rects>
        <_>
          3 3 15 6 -1.</_>
        <_>
          3 5 15 2 3.</_></rects>
      <tilted>0</tilted></_>
    <_>
      <rects>
        <_>
          3 4 12 9 -1.</_>
        <_>
          3 7 12 3 3.</_></rects>
      <tilted>0</tilted></_>
    <_>
      <rects>
        <_>
          3 5 14 6 -1.</_>
        <_>
          3 7 14 2 3.</_></rects>
      <tilted>0</tilted></_>
    <_>
      <rects>
        <_>
          3 10 9 4 -1.</_>
        <_>
          6 10 3 4 3.</_></rects>
      <tilted>0</tilted></_>
    <_>
      <rects>
        <_>
          3 10 10 3 -1.</_>
        <_>
          3 11 10 1 3.</_></rects>
      <tilted>0</tilted></_>
    <_>
      <rects>
        <_>
          3 12 10 3 -1.</_>
        <_>
          3 13 10 1 3.</_></rects>
      <tilted>0</tilted></_>
    <_>
      <rects>
        <_>
          4 0 2 14 -1.</_>
        <_>
          4 7 2 7 2.</_></rects>
      <tilted>0</tilted></_>
    <_>
      <rects>
        <_>
          4 0 12 3 -1.</_>
        <_>
          4 1 12 1 3.</_></rects>
      <tilted>0</tilted></_>
    <_>
      <rects>
        <_>
          4 4 3 2 -1.</_>
        <_>
          5 4 1 2 3.</_></rects>
      <tilted>0</tilted></_>
    <_>
      <rects>
        <_>
          4 5 8 7 -1.</_>
        <_>
          6 5 4 7 2.</_></rects>
      <tilted>0</tilted></_>
    <_>
      <rects>
        <_>
          4 10 6 3 -1.</_>
        <_>
          6 10 2 3 3.</_></rects>
      <tilted>0</tilted></_>
    <_>
      <rects>
        <_>
          4 11 3 3 -1.</_>
        <_>
          5 11 1 3 3.</_></rects>
      <tilted>0</tilted></_>
    <_>
      <rects>
        <_>
          4 13 4 1 -1.</_>
        <_>
          5 13 2 1 2.</_></rects>
      <tilted>0</tilted></_>
    <_>
      <rects>
        <_>
          4 14 7 3 -1.</_>
        <_>
          4 15 7 1 3.</_></rects>
      <tilted>0</tilted></_>
    <_>
      <rects>
        <_>
          5 0 6 3 -1.</_>
        <_>
          7 0 2 3 3.</_></rects>
      <tilted>0</tilted></_>
    <_>
      <rects>
        <_>
          5 1 3 6 -1.</_>
        <_>
          6 1 1 6 3.</_></rects>
      <tilted>0</tilted></_>
    <_>
      <rects>
        <_>
          5 2 10 6 -1.</_>
        <_>
          5 4 10 2 3.</_></rects>
      <tilted>0</tilted></_>
    <_>
      <rects>
        <_>
          5 3 4 2 -1.</_>
        <_>
          6 3 2 2 2.</_></rects>
      <tilted>0</tilted></_>
    <_>
      <rects>
        <_>
          5 3 8 15 -1.</_>
        <_>
          7 3 4 15 2.</_></rects>
      <tilted>0</tilted></_>
    <_>
      <rects>
        <_>
          5 4 2 2 -1.</_>
        <_>
          5 5 2 1 2.</_></rects>
      <tilted>0</tilted></_>
    <_>
      <rects>
        <_>
          5 7 10 4 -1.</_>
        <_>
          5 8 10 2 2.</_></rects>
      <tilted>0</tilted></_>
    <_>
      <rects>
        <_>
          5 11 15 9 -1.</_>
        <_>
          10 11 5 9 3.</_></rects>
      <tilted>0</tilted></_>
    <_>
      <rects>
        <_>
          5 15 8 5 -1.</_>
        <_>
          9 15 4 5 2.</_></rects>
      <tilted>0</tilted></_>
    <_>
      <rects>
        <_>
          5 17 4 1 -1.</_>
        <_>
          6 17 2 1 2.</_></rects>
      <tilted>0</tilted></_>
    <_>
      <rects>
        <_>
          5 17 9 3 -1.</_>
        <_>
          5 18 9 1 3.</_></rects>
      <tilted>0</tilted></_>
    <_>
      <rects>
        <_>
          5 19 2 1 -1.</_>
        <_>
          6 19 1 1 2.</_></rects>
      <tilted>0</tilted></_>
    <_>
      <rects>
        <_>
          6 0 8 3 -1.</_>
        <_>
          6 1 8 1 3.</_></rects>
      <tilted>0</tilted></_>
    <_>
      <rects>
        <_>
          6 0 12 15 -1.</_>
        <_>
          6 5 12 5 3.</_></rects>
      <tilted>0</tilted></_>
    <_>
      <rects>
        <_>
          6 1 9 1 -1.</_>
        <_>
          9 1 3 1 3.</_></rects>
      <tilted>0</tilted></_>
    <_>
      <rects>
        <_>
          6 1 8 16 -1.</_>
        <_>
          6 1 4 8 2.</_>
        <_>
          10 9 4 8 2.</_></rects>
      <tilted>0</tilted></_>
    <_>
      <rects>
        <_>
          6 2 2 3 -1.</_>
        <_>
          5 3 2 1 3.</_></rects>
      <tilted>1</tilted></_>
    <_>
      <rects>
        <_>
          6 2 9 5 -1.</_>
        <_>
          9 5 3 5 3.</_></rects>
      <tilted>1</tilted></_>
    <_>
      <rects>
        <_>
          6 2 8 6 -1.</_>
        <_>
          4 4 8 2 3.</_></rects>
      <tilted>1</tilted></_>
    <_>
      <rects>
        <_>
          6 3 4 6 -1.</_>
        <_>
          6 3 2 6 2.</_></rects>
      <tilted>1</tilted></_>
    <_>
      <rects>
        <_>
          6 14 6 3 -1.</_>
        <_>
          6 15 6 1 3.</_></rects>
      <tilted>0</tilted></_>
    <_>
      <rects>
        <_>
          6 14 11 2 -1.</_>
        <_>
          6 15 11 1 2.</_></rects>
      <tilted>0</tilted></_>
    <_>
      <rects>
        <_>
          6 15 3 3 -1.</_>
        <_>
          6 16 3 1 3.</_></rects>
      <tilted>0</tilted></_>
    <_>
      <rects>
        <_>
          6 15 10 3 -1.</_>
        <_>
          6 16 10 1 3.</_></rects>
      <tilted>0</tilted></_>
    <_>
      <rects>
        <_>
          7 0 4 3 -1.</_>
        <_>
          7 1 4 1 3.</_></rects>
      <tilted>0</tilted></_>
    <_>
      <rects>
        <_>
          7 0 6 3 -1.</_>
        <_>
          7 1 6 1 3.</_></rects>
      <tilted>0</tilted></_>
    <_>
      <rects>
        <_>
          7 2 10 6 -1.</_>
        <_>
          7 4 10 2 3.</_></rects>
      <tilted>0</tilted></_>
    <_>
      <rects>
        <_>
          7 8 12 12 -1.</_>
        <_>
          7 12 12 4 3.</_></rects>
      <tilted>0</tilted></_>
    <_>
      <rects>
        <_>
          7 10 4 3 -1.</_>
        <_>
          7 11 4 1 3.</_></rects>
      <tilted>0</tilted></_>
    <_>
      <rects>
        <_>
          7 17 2 1 -1.</_>
        <_>
          8 17 1 1 2.</_></rects>
      <tilted>0</tilted></_>
    <_>
      <rects>
        <_>
          8 1 4 2 -1.</_>
        <_>
          9 1 2 2 2.</_></rects>
      <tilted>0</tilted></_>
    <_>
      <rects>
        <_>
          8 1 10 3 -1.</_>
        <_>
          8 2 10 1 3.</_></rects>
      <tilted>0</tilted></_>
    <_>
      <rects>
        <_>
          8 10 1 2 -1.</_>
        <_>
          8 11 1 1 2.</_></rects>
      <tilted>0</tilted></_>
    <_>
      <rects>
        <_>
          8 10 1 3 -1.</_>
        <_>
          8 11 1 1 3.</_></rects>
      <tilted>0</tilted></_>
    <_>
      <rects>
        <_>
          8 14 8 3 -1.</_>
        <_>
          8 15 8 1 3.</_></rects>
      <tilted>0</tilted></_>
    <_>
      <rects>
        <_>
          8 17 6 3 -1.</_>
        <_>
          8 18 6 1 3.</_></rects>
      <tilted>0</tilted></_>
    <_>
      <rects>
        <_>
          9 0 6 3 -1.</_>
        <_>
          11 0 2 3 3.</_></rects>
      <tilted>0</tilted></_>
    <_>
      <rects>
        <_>
          9 2 6 5 -1.</_>
        <_>
          12 2 3 5 2.</_></rects>
      <tilted>0</tilted></_>
    <_>
      <rects>
        <_>
          9 5 9 6 -1.</_>
        <_>
          12 7 3 2 9.</_></rects>
      <tilted>0</tilted></_>
    <_>
      <rects>
        <_>
          9 7 6 7 -1.</_>
        <_>
          11 7 2 7 3.</_></rects>
      <tilted>0</tilted></_>
    <_>
      <rects>
        <_>
          9 12 6 7 -1.</_>
        <_>
          11 12 2 7 3.</_></rects>
      <tilted>0</tilted></_>
    <_>
      <rects>
        <_>
          9 13 10 6 -1.</_>
        <_>
          9 13 5 3 2.</_>
        <_>
          14 16 5 3 2.</_></rects>
      <tilted>0</tilted></_>
    <_>
      <rects>
        <_>
          9 14 6 5 -1.</_>
        <_>
          12 14 3 5 2.</_></rects>
      <tilted>0</tilted></_>
    <_>
      <rects>
        <_>
          9 18 1 2 -1.</_>
        <_>
          9 19 1 1 2.</_></rects>
      <tilted>0</tilted></_>
    <_>
      <rects>
        <_>
          10 0 8 20 -1.</_>
        <_>
          10 0 4 10 2.</_>
        <_>
          14 10 4 10 2.</_></rects>
      <tilted>0</tilted></_>
    <_>
      <rects>
        <_>
          10 0 10 3 -1.</_>
        <_>
          10 1 10 1 3.</_></rects>
      <tilted>0</tilted></_>
    <_>
      <rects>
        <_>
          10 4 4 13 -1.</_>
        <_>
          11 4 2 13 2.</_></rects>
      <tilted>0</tilted></_>
    <_>
      <rects>
        <_>
          10 6 3 2 -1.</_>
        <_>
          11 7 1 2 3.</_></rects>
      <tilted>1</tilted></_>
    <_>
      <rects>
        <_>
          10 8 10 12 -1.</_>
        <_>
          10 14 10 6 2.</_></rects>
      <tilted>0</tilted></_>
    <_>
      <rects>
        <_>
          10 17 3 3 -1.</_>
        <_>
          10 18 3 1 3.</_></rects>
      <tilted>0</tilted></_>
    <_>
      <rects>
        <_>
          11 0 2 18 -1.</_>
        <_>
          12 0 1 18 2.</_></rects>
      <tilted>0</tilted></_>
    <_>
      <rects>
        <_>
          11 0 9 18 -1.</_>
        <_>
          11 6 9 6 3.</_></rects>
      <tilted>0</tilted></_>
    <_>
      <rects>
        <_>
          11 2 3 16 -1.</_>
        <_>
          12 2 1 16 3.</_></rects>
      <tilted>0</tilted></_>
    <_>
      <rects>
        <_>
          11 9 8 3 -1.</_>
        <_>
          15 9 4 3 2.</_></rects>
      <tilted>0</tilted></_>
    <_>
      <rects>
        <_>
          11 18 5 2 -1.</_>
        <_>
          11 19 5 1 2.</_></rects>
      <tilted>0</tilted></_>
    <_>
      <rects>
        <_>
          12 0 6 4 -1.</_>
        <_>
          12 0 6 2 2.</_></rects>
      <tilted>1</tilted></_>
    <_>
      <rects>
        <_>
          12 0 6 12 -1.</_>
        <_>
          12 0 6 6 2.</_></rects>
      <tilted>1</tilted></_>
    <_>
      <rects>
        <_>
          12 1 8 3 -1.</_>
        <_>
          16 1 4 3 2.</_></rects>
      <tilted>0</tilted></_>
    <_>
      <rects>
        <_>
          12 2 6 12 -1.</_>
        <_>
          14 4 2 12 3.</_></rects>
      <tilted>1</tilted></_>
    <_>
      <rects>
        <_>
          12 5 6 1 -1.</_>
        <_>
          14 7 2 1 3.</_></rects>
      <tilted>1</tilted></_>
    <_>
      <rects>
        <_>
          12 6 4 1 -1.</_>
        <_>
          12 6 2 1 2.</_></rects>
      <tilted>1</tilted></_>
    <_>
      <rects>
        <_>
          12 7 1 2 -1.</_>
        <_>
          12 8 1 1 2.</_></rects>
      <tilted>0</tilted></_>
    <_>
      <rects>
        <_>
          12 11 8 3 -1.</_>
        <_>
          16 11 4 3 2.</_></rects>
      <tilted>0</tilted></_>
    <_>
      <rects>
        <_>
          12 12 6 6 -1.</_>
        <_>
          14 12 2 6 3.</_></rects>
      <tilted>0</tilted></_>
    <_>
      <rects>
        <_>
          13 0 2 2 -1.</_>
        <_>
          13 0 1 2 2.</_></rects>
      <tilted>1</tilted></_>
    <_>
      <rects>
        <_>
          13 1 3 5 -1.</_>
        <_>
          14 2 1 5 3.</_></rects>
      <tilted>1</tilted></_>
    <_>
      <rects>
        <_>
          13 5 4 8 -1.</_>
        <_>
          14 5 2 8 2.</_></rects>
      <tilted>0</tilted></_>
    <_>
      <rects>
        <_>
          13 5 4 13 -1.</_>
        <_>
          14 5 2 13 2.</_></rects>
      <tilted>0</tilted></_>
    <_>
      <rects>
        <_>
          13 9 6 4 -1.</_>
        <_>
          13 10 6 2 2.</_></rects>
      <tilted>0</tilted></_>
    <_>
      <rects>
        <_>
          14 0 3 4 -1.</_>
        <_>
          14 2 3 2 2.</_></rects>
      <tilted>0</tilted></_>
    <_>
      <rects>
        <_>
          14 1 6 1 -1.</_>
        <_>
          16 1 2 1 3.</_></rects>
      <tilted>0</tilted></_>
    <_>
      <rects>
        <_>
          14 5 6 9 -1.</_>
        <_>
          17 5 3 9 2.</_></rects>
      <tilted>0</tilted></_>
    <_>
      <rects>
        <_>
          14 5 6 12 -1.</_>
        <_>
          14 9 6 4 3.</_></rects>
      <tilted>0</tilted></_>
    <_>
      <rects>
        <_>
          14 6 6 8 -1.</_>
        <_>
          14 6 3 8 2.</_></rects>
      <tilted>1</tilted></_>
    <_>
      <rects>
        <_>
          14 14 2 3 -1.</_>
        <_>
          14 14 1 3 2.</_></rects>
      <tilted>1</tilted></_>
    <_>
      <rects>
        <_>
          15 2 4 12 -1.</_>
        <_>
          15 5 4 6 2.</_></rects>
      <tilted>0</tilted></_>
    <_>
      <rects>
        <_>
          15 7 3 8 -1.</_>
        <_>
          15 11 3 4 2.</_></rects>
      <tilted>0</tilted></_>
    <_>
      <rects>
        <_>
          15 9 2 8 -1.</_>
        <_>
          15 9 2 4 2.</_></rects>
      <tilted>1</tilted></_>
    <_>
      <rects>
        <_>
          16 0 4 4 -1.</_>
        <_>
          18 0 2 4 2.</_></rects>
      <tilted>0</tilted></_>
    <_>
      <rects>
        <_>
          16 2 3 8 -1.</_>
        <_>
          16 6 3 4 2.</_></rects>
      <tilted>0</tilted></_>
    <_>
      <rects>
        <_>
          16 13 4 4 -1.</_>
        <_>
          18 13 2 4 2.</_></rects>
      <tilted>0</tilted></_>
    <_>
      <rects>
        <_>
          16 14 2 2 -1.</_>
        <_>
          16 15 2 1 2.</_></rects>
      <tilted>0</tilted></_>
    <_>
      <rects>
        <_>
          16 16 3 2 -1.</_>
        <_>
          16 17 3 1 2.</_></rects>
      <tilted>0</tilted></_>
    <_>
      <rects>
        <_>
          17 2 2 10 -1.</_>
        <_>
          17 2 1 5 2.</_>
        <_>
          18 7 1 5 2.</_></rects>
      <tilted>0</tilted></_>
    <_>
      <rects>
        <_>
          17 6 2 8 -1.</_>
        <_>
          17 6 1 4 2.</_>
        <_>
          18 10 1 4 2.</_></rects>
      <tilted>0</tilted></_>
    <_>
      <rects>
        <_>
          17 9 2 6 -1.</_>
        <_>
          17 9 1 3 2.</_>
        <_>
          18 12 1 3 2.</_></rects>
      <tilted>0</tilted></_>
    <_>
      <rects>
        <_>
          18 13 1 6 -1.</_>
        <_>
          18 13 1 3 2.</_></rects>
      <tilted>1</tilted></_>
    <_>
      <rects>
        <_>
          19 1 1 2 -1.</_>
        <_>
          19 2 1 1 2.</_></rects>
      <tilted>0</tilted></_>
    <_>
      <rects>
        <_>
          19 15 1 4 -1.</_>
        <_>
          19 16 1 2 2.</_></rects>
      <tilted>0</tilted></_></features></cascade>
</opencv_storage>
