<?xml version="1.0"?>
<opencv_storage>
<cascade>
  <stageType>BOOST</stageType>
  <featureType>HAAR</featureType>
  <height>15</height>
  <width>40</width>
  <stageParams>
    <boostType>GAB</boostType>
    <minHitRate>9.9900001287460327e-01</minHitRate>
    <maxFalseAlarm>5.0000000000000000e-01</maxFalseAlarm>
    <weightTrimRate>9.4999999999999996e-01</weightTrimRate>
    <maxDepth>1</maxDepth>
    <maxWeakCount>100</maxWeakCount></stageParams>
  <featureParams>
    <maxCatCount>0</maxCatCount>
    <featSize>1</featSize>
    <mode>ALL</mode></featureParams>
  <stageNum>20</stageNum>
  <stages>
    <!-- stage 0 -->
    <_>
      <maxWeakCount>5</maxWeakCount>
      <stageThreshold>-1.2259337902069092e+00</stageThreshold>
      <weakClassifiers>
        <_>
          <internalNodes>
            0 -1 55 -5.0497774034738541e-02</internalNodes>
          <leafValues>
            6.6265058517456055e-01 -7.0833331346511841e-01</leafValues></_>
        <_>
          <internalNodes>
            0 -1 1 -3.6377497017383575e-02</internalNodes>
          <leafValues>
            6.6879028081893921e-01 -4.1829830408096313e-01</leafValues></_>
        <_>
          <internalNodes>
            0 -1 37 7.6290913857519627e-03</internalNodes>
          <leafValues>
            2.7517399191856384e-01 -8.3602023124694824e-01</leafValues></_>
        <_>
          <internalNodes>
            0 -1 41 -2.0843297243118286e-02</internalNodes>
          <leafValues>
            -8.6358690261840820e-01 2.8319278359413147e-01</leafValues></_>
        <_>
          <internalNodes>
            0 -1 97 -1.7118823016062379e-03</internalNodes>
          <leafValues>
            4.8911073803901672e-01 -4.7804394364356995e-01</leafValues></_></weakClassifiers></_>
    <!-- stage 1 -->
    <_>
      <maxWeakCount>6</maxWeakCount>
      <stageThreshold>-1.0461959838867188e+00</stageThreshold>
      <weakClassifiers>
        <_>
          <internalNodes>
            0 -1 98 -5.2851550281047821e-02</internalNodes>
          <leafValues>
            7.3333334922790527e-01 -6.9186043739318848e-01</leafValues></_>
        <_>
          <internalNodes>
            0 -1 3 -8.2578837871551514e-02</internalNodes>
          <leafValues>
            8.7102222442626953e-01 -3.4585857391357422e-01</leafValues></_>
        <_>
          <internalNodes>
            0 -1 50 3.3852361142635345e-02</internalNodes>
          <leafValues>
            -3.2351419329643250e-01 8.4421294927597046e-01</leafValues></_>
        <_>
          <internalNodes>
            0 -1 91 8.6714625358581543e-02</internalNodes>
          <leafValues>
            -2.8545820713043213e-01 7.6225543022155762e-01</leafValues></_>
        <_>
          <internalNodes>
            0 -1 43 2.8140187263488770e-02</internalNodes>
          <leafValues>
            3.1988275051116943e-01 -8.2734864950180054e-01</leafValues></_>
        <_>
          <internalNodes>
            0 -1 74 -1.3238377869129181e-02</internalNodes>
          <leafValues>
            -7.4038577079772949e-01 2.8061270713806152e-01</leafValues></_></weakClassifiers></_>
    <!-- stage 2 -->
    <_>
      <maxWeakCount>6</maxWeakCount>
      <stageThreshold>-8.7220722436904907e-01</stageThreshold>
      <weakClassifiers>
        <_>
          <internalNodes>
            0 -1 64 -5.9022508561611176e-02</internalNodes>
          <leafValues>
            5.5000001192092896e-01 -6.6961652040481567e-01</leafValues></_>
        <_>
          <internalNodes>
            0 -1 31 -2.3057773709297180e-02</internalNodes>
          <leafValues>
            6.5095078945159912e-01 -4.5860743522644043e-01</leafValues></_>
        <_>
          <internalNodes>
            0 -1 65 4.4810706749558449e-03</internalNodes>
          <leafValues>
            -4.1474139690399170e-01 6.5089660882949829e-01</leafValues></_>
        <_>
          <internalNodes>
            0 -1 56 1.1761123314499855e-02</internalNodes>
          <leafValues>
            4.1028851270675659e-01 -7.5543850660324097e-01</leafValues></_>
        <_>
          <internalNodes>
            0 -1 73 -5.5553682148456573e-02</internalNodes>
          <leafValues>
            8.0179899930953979e-01 -3.0861443281173706e-01</leafValues></_>
        <_>
          <internalNodes>
            0 -1 38 2.2547568660229445e-03</internalNodes>
          <leafValues>
            -3.0386027693748474e-01 6.6917306184768677e-01</leafValues></_></weakClassifiers></_>
    <!-- stage 3 -->
    <_>
      <maxWeakCount>7</maxWeakCount>
      <stageThreshold>-1.4960908889770508e+00</stageThreshold>
      <weakClassifiers>
        <_>
          <internalNodes>
            0 -1 132 -5.5022716522216797e-02</internalNodes>
          <leafValues>
            5.6923079490661621e-01 -6.2146890163421631e-01</leafValues></_>
        <_>
          <internalNodes>
            0 -1 106 -1.3133640168234706e-03</internalNodes>
          <leafValues>
            5.3969037532806396e-01 -4.7001704573631287e-01</leafValues></_>
        <_>
          <internalNodes>
            0 -1 127 4.2884536087512970e-03</internalNodes>
          <leafValues>
            -4.6766299009323120e-01 6.0795617103576660e-01</leafValues></_>
        <_>
          <internalNodes>
            0 -1 11 2.3323103785514832e-02</internalNodes>
          <leafValues>
            -3.4650734066963196e-01 7.0748990774154663e-01</leafValues></_>
        <_>
          <internalNodes>
            0 -1 92 1.8289908766746521e-03</internalNodes>
          <leafValues>
            -3.6549529433250427e-01 5.0145375728607178e-01</leafValues></_>
        <_>
          <internalNodes>
            0 -1 101 -1.2706734240055084e-02</internalNodes>
          <leafValues>
            5.3801125288009644e-01 -3.5816684365272522e-01</leafValues></_>
        <_>
          <internalNodes>
            0 -1 146 -4.2860303074121475e-03</internalNodes>
          <leafValues>
            -9.5503360033035278e-01 2.3704943060874939e-01</leafValues></_></weakClassifiers></_>
    <!-- stage 4 -->
    <_>
      <maxWeakCount>9</maxWeakCount>
      <stageThreshold>-1.2170690298080444e+00</stageThreshold>
      <weakClassifiers>
        <_>
          <internalNodes>
            0 -1 60 1.7593193799257278e-02</internalNodes>
          <leafValues>
            -5.9544157981872559e-01 3.8235294818878174e-01</leafValues></_>
        <_>
          <internalNodes>
            0 -1 33 -6.7407816648483276e-02</internalNodes>
          <leafValues>
            -8.6648619174957275e-01 1.4931027591228485e-01</leafValues></_>
        <_>
          <internalNodes>
            0 -1 69 5.7989004999399185e-03</internalNodes>
          <leafValues>
            -4.0586265921592712e-01 4.0316802263259888e-01</leafValues></_>
        <_>
          <internalNodes>
            0 -1 128 2.2295895963907242e-02</internalNodes>
          <leafValues>
            -2.1904996037483215e-01 6.6310954093933105e-01</leafValues></_>
        <_>
          <internalNodes>
            0 -1 125 -1.0024733841419220e-02</internalNodes>
          <leafValues>
            5.9874212741851807e-01 -3.0174455046653748e-01</leafValues></_>
        <_>
          <internalNodes>
            0 -1 77 1.9977340474724770e-02</internalNodes>
          <leafValues>
            2.3403073847293854e-01 -7.9335683584213257e-01</leafValues></_>
        <_>
          <internalNodes>
            0 -1 8 1.5588677488267422e-03</internalNodes>
          <leafValues>
            1.8547137081623077e-01 -7.5285375118255615e-01</leafValues></_>
        <_>
          <internalNodes>
            0 -1 20 3.0576027929782867e-03</internalNodes>
          <leafValues>
            -2.6090750098228455e-01 6.2882399559020996e-01</leafValues></_>
        <_>
          <internalNodes>
            0 -1 48 -1.5957728028297424e-02</internalNodes>
          <leafValues>
            -8.5772395133972168e-01 2.0389069616794586e-01</leafValues></_></weakClassifiers></_>
    <!-- stage 5 -->
    <_>
      <maxWeakCount>6</maxWeakCount>
      <stageThreshold>-9.9812096357345581e-01</stageThreshold>
      <weakClassifiers>
        <_>
          <internalNodes>
            0 -1 133 -2.2335167974233627e-02</internalNodes>
          <leafValues>
            2.7906978130340576e-01 -6.2162160873413086e-01</leafValues></_>
        <_>
          <internalNodes>
            0 -1 68 4.0873866528272629e-03</internalNodes>
          <leafValues>
            -5.1307082176208496e-01 3.5659837722778320e-01</leafValues></_>
        <_>
          <internalNodes>
            0 -1 85 -5.6700501590967178e-03</internalNodes>
          <leafValues>
            -7.9271638393402100e-01 1.8215446174144745e-01</leafValues></_>
        <_>
          <internalNodes>
            0 -1 29 -9.5121208578348160e-03</internalNodes>
          <leafValues>
            -9.7701668739318848e-01 1.5067210793495178e-01</leafValues></_>
        <_>
          <internalNodes>
            0 -1 99 1.3353347312659025e-03</internalNodes>
          <leafValues>
            -3.8953137397766113e-01 4.1402852535247803e-01</leafValues></_>
        <_>
          <internalNodes>
            0 -1 148 -5.6934275198727846e-04</internalNodes>
          <leafValues>
            -8.9313858747482300e-01 1.9327630102634430e-01</leafValues></_></weakClassifiers></_>
    <!-- stage 6 -->
    <_>
      <maxWeakCount>9</maxWeakCount>
      <stageThreshold>-1.0739701986312866e+00</stageThreshold>
      <weakClassifiers>
        <_>
          <internalNodes>
            0 -1 19 3.2587088644504547e-02</internalNodes>
          <leafValues>
            -5.4450261592864990e-01 6.7567569017410278e-01</leafValues></_>
        <_>
          <internalNodes>
            0 -1 2 -1.0586380958557129e-02</internalNodes>
          <leafValues>
            5.9430456161499023e-01 -3.5069739818572998e-01</leafValues></_>
        <_>
          <internalNodes>
            0 -1 139 -2.9722068458795547e-02</internalNodes>
          <leafValues>
            7.1524465084075928e-01 -1.5947940945625305e-01</leafValues></_>
        <_>
          <internalNodes>
            0 -1 84 4.1432459838688374e-03</internalNodes>
          <leafValues>
            -3.7344524264335632e-01 4.2016962170600891e-01</leafValues></_>
        <_>
          <internalNodes>
            0 -1 62 1.7237994819879532e-02</internalNodes>
          <leafValues>
            1.9160777330398560e-01 -8.4276956319808960e-01</leafValues></_>
        <_>
          <internalNodes>
            0 -1 109 2.8454526327550411e-03</internalNodes>
          <leafValues>
            -2.7725458145141602e-01 5.7270914316177368e-01</leafValues></_>
        <_>
          <internalNodes>
            0 -1 70 -5.2434038370847702e-03</internalNodes>
          <leafValues>
            -8.2245022058486938e-01 2.2280047833919525e-01</leafValues></_>
        <_>
          <internalNodes>
            0 -1 15 -1.5790462493896484e-02</internalNodes>
          <leafValues>
            5.5462551116943359e-01 -3.0870634317398071e-01</leafValues></_>
        <_>
          <internalNodes>
            0 -1 75 9.4180414453148842e-04</internalNodes>
          <leafValues>
            -2.6790767908096313e-01 5.7501697540283203e-01</leafValues></_></weakClassifiers></_>
    <!-- stage 7 -->
    <_>
      <maxWeakCount>7</maxWeakCount>
      <stageThreshold>-9.2744618654251099e-01</stageThreshold>
      <weakClassifiers>
        <_>
          <internalNodes>
            0 -1 88 -5.2820974960923195e-03</internalNodes>
          <leafValues>
            1.6666667163372040e-01 -6.1609905958175659e-01</leafValues></_>
        <_>
          <internalNodes>
            0 -1 124 9.6101762028411031e-04</internalNodes>
          <leafValues>
            9.7372591495513916e-02 -9.1451597213745117e-01</leafValues></_>
        <_>
          <internalNodes>
            0 -1 150 8.5311429575085640e-04</internalNodes>
          <leafValues>
            1.4729006588459015e-01 -8.4136688709259033e-01</leafValues></_>
        <_>
          <internalNodes>
            0 -1 30 -1.0607260046526790e-03</internalNodes>
          <leafValues>
            5.5879849195480347e-01 -2.7406010031700134e-01</leafValues></_>
        <_>
          <internalNodes>
            0 -1 10 -1.2210604036226869e-03</internalNodes>
          <leafValues>
            -7.8994947671890259e-01 1.7068739235401154e-01</leafValues></_>
        <_>
          <internalNodes>
            0 -1 120 5.6940235663205385e-04</internalNodes>
          <leafValues>
            -3.4374254941940308e-01 4.6410772204399109e-01</leafValues></_>
        <_>
          <internalNodes>
            0 -1 13 -4.6503748744726181e-03</internalNodes>
          <leafValues>
            -7.8896653652191162e-01 2.0618930459022522e-01</leafValues></_></weakClassifiers></_>
    <!-- stage 8 -->
    <_>
      <maxWeakCount>9</maxWeakCount>
      <stageThreshold>-1.1315162181854248e+00</stageThreshold>
      <weakClassifiers>
        <_>
          <internalNodes>
            0 -1 26 2.7710516005754471e-03</internalNodes>
          <leafValues>
            -5.9638553857803345e-01 1.7241379618644714e-01</leafValues></_>
        <_>
          <internalNodes>
            0 -1 24 -3.4767473116517067e-03</internalNodes>
          <leafValues>
            4.8827067017555237e-01 -3.3861154317855835e-01</leafValues></_>
        <_>
          <internalNodes>
            0 -1 4 -4.9480535089969635e-03</internalNodes>
          <leafValues>
            -8.2797634601593018e-01 1.6262826323509216e-01</leafValues></_>
        <_>
          <internalNodes>
            0 -1 80 3.4745997982099652e-04</internalNodes>
          <leafValues>
            -2.8493252396583557e-01 4.6606361865997314e-01</leafValues></_>
        <_>
          <internalNodes>
            0 -1 23 4.9754437059164047e-03</internalNodes>
          <leafValues>
            -2.7629879117012024e-01 4.8717179894447327e-01</leafValues></_>
        <_>
          <internalNodes>
            0 -1 152 2.4631997803226113e-04</internalNodes>
          <leafValues>
            1.9734735786914825e-01 -6.6879791021347046e-01</leafValues></_>
        <_>
          <internalNodes>
            0 -1 129 -1.5605408698320389e-02</internalNodes>
          <leafValues>
            6.7336082458496094e-01 -2.3532091081142426e-01</leafValues></_>
        <_>
          <internalNodes>
            0 -1 104 1.3783967122435570e-02</internalNodes>
          <leafValues>
            -3.1919249892234802e-01 5.0218051671981812e-01</leafValues></_>
        <_>
          <internalNodes>
            0 -1 144 4.8041576519608498e-03</internalNodes>
          <leafValues>
            -2.0422065258026123e-01 6.9498544931411743e-01</leafValues></_></weakClassifiers></_>
    <!-- stage 9 -->
    <_>
      <maxWeakCount>10</maxWeakCount>
      <stageThreshold>-1.0272217988967896e+00</stageThreshold>
      <weakClassifiers>
        <_>
          <internalNodes>
            0 -1 134 -3.4004312008619308e-02</internalNodes>
          <leafValues>
            2.6548672467470169e-02 -6.0784316062927246e-01</leafValues></_>
        <_>
          <internalNodes>
            0 -1 63 5.1032664487138391e-04</internalNodes>
          <leafValues>
            -3.5394498705863953e-01 3.4291699528694153e-01</leafValues></_>
        <_>
          <internalNodes>
            0 -1 22 7.8766583465039730e-04</internalNodes>
          <leafValues>
            1.5626275539398193e-01 -8.4977811574935913e-01</leafValues></_>
        <_>
          <internalNodes>
            0 -1 14 -3.5066042095422745e-02</internalNodes>
          <leafValues>
            7.9821503162384033e-01 -1.5663483738899231e-01</leafValues></_>
        <_>
          <internalNodes>
            0 -1 17 -2.7206812519580126e-03</internalNodes>
          <leafValues>
            5.4117393493652344e-01 -2.8237351775169373e-01</leafValues></_>
        <_>
          <internalNodes>
            0 -1 122 -1.3616078067570925e-03</internalNodes>
          <leafValues>
            -7.9484850168228149e-01 1.5994031727313995e-01</leafValues></_>
        <_>
          <internalNodes>
            0 -1 123 -2.3306328803300858e-03</internalNodes>
          <leafValues>
            7.8666591644287109e-01 -2.2225338220596313e-01</leafValues></_>
        <_>
          <internalNodes>
            0 -1 34 1.3033839059062302e-04</internalNodes>
          <leafValues>
            -3.3635330200195312e-01 3.9439794421195984e-01</leafValues></_>
        <_>
          <internalNodes>
            0 -1 36 -2.1759052760899067e-03</internalNodes>
          <leafValues>
            -6.4658600091934204e-01 2.0549175143241882e-01</leafValues></_>
        <_>
          <internalNodes>
            0 -1 103 -1.6446388326585293e-03</internalNodes>
          <leafValues>
            4.1048648953437805e-01 -3.9581367373466492e-01</leafValues></_></weakClassifiers></_>
    <!-- stage 10 -->
    <_>
      <maxWeakCount>10</maxWeakCount>
      <stageThreshold>-1.1407566070556641e+00</stageThreshold>
      <weakClassifiers>
        <_>
          <internalNodes>
            0 -1 35 -2.1581645123660564e-03</internalNodes>
          <leafValues>
            2.0454545319080353e-01 -6.0725075006484985e-01</leafValues></_>
        <_>
          <internalNodes>
            0 -1 137 3.6860555410385132e-03</internalNodes>
          <leafValues>
            -3.3817073702812195e-01 3.6243125796318054e-01</leafValues></_>
        <_>
          <internalNodes>
            0 -1 113 6.9719122257083654e-04</internalNodes>
          <leafValues>
            1.3080662488937378e-01 -8.6933195590972900e-01</leafValues></_>
        <_>
          <internalNodes>
            0 -1 46 7.8462697565555573e-03</internalNodes>
          <leafValues>
            -2.0864726603031158e-01 5.6881111860275269e-01</leafValues></_>
        <_>
          <internalNodes>
            0 -1 32 1.6388047486543655e-02</internalNodes>
          <leafValues>
            1.6410890221595764e-01 -9.1128307580947876e-01</leafValues></_>
        <_>
          <internalNodes>
            0 -1 83 1.0838527232408524e-02</internalNodes>
          <leafValues>
            -2.1973478794097900e-01 7.1033716201782227e-01</leafValues></_>
        <_>
          <internalNodes>
            0 -1 61 3.4318536520004272e-02</internalNodes>
          <leafValues>
            1.9383895397186279e-01 -7.7897351980209351e-01</leafValues></_>
        <_>
          <internalNodes>
            0 -1 0 1.9007910043001175e-02</internalNodes>
          <leafValues>
            -2.7327471971511841e-01 4.9382427334785461e-01</leafValues></_>
        <_>
          <internalNodes>
            0 -1 28 -1.1197117716073990e-01</internalNodes>
          <leafValues>
            7.0060575008392334e-01 -2.3194868862628937e-01</leafValues></_>
        <_>
          <internalNodes>
            0 -1 42 -1.6170517774298787e-03</internalNodes>
          <leafValues>
            4.1556906700134277e-01 -3.5656687617301941e-01</leafValues></_></weakClassifiers></_>
    <!-- stage 11 -->
    <_>
      <maxWeakCount>7</maxWeakCount>
      <stageThreshold>-7.3341608047485352e-01</stageThreshold>
      <weakClassifiers>
        <_>
          <internalNodes>
            0 -1 140 1.8336797133088112e-02</internalNodes>
          <leafValues>
            -5.2910053730010986e-01 4.1463413834571838e-01</leafValues></_>
        <_>
          <internalNodes>
            0 -1 47 -3.0655164271593094e-02</internalNodes>
          <leafValues>
            -8.7459689378738403e-01 9.5737397670745850e-02</leafValues></_>
        <_>
          <internalNodes>
            0 -1 141 1.4889133162796497e-03</internalNodes>
          <leafValues>
            1.3052992522716522e-01 -7.7420395612716675e-01</leafValues></_>
        <_>
          <internalNodes>
            0 -1 96 -2.2864071652293205e-03</internalNodes>
          <leafValues>
            -8.3618938922882080e-01 1.2012951076030731e-01</leafValues></_>
        <_>
          <internalNodes>
            0 -1 67 -2.9491926543414593e-03</internalNodes>
          <leafValues>
            4.6635773777961731e-01 -2.6568189263343811e-01</leafValues></_>
        <_>
          <internalNodes>
            0 -1 76 9.9524063989520073e-04</internalNodes>
          <leafValues>
            -2.8308391571044922e-01 4.4509044289588928e-01</leafValues></_>
        <_>
          <internalNodes>
            0 -1 40 1.0703252628445625e-02</internalNodes>
          <leafValues>
            2.3634803295135498e-01 -5.8750897645950317e-01</leafValues></_></weakClassifiers></_>
    <!-- stage 12 -->
    <_>
      <maxWeakCount>10</maxWeakCount>
      <stageThreshold>-1.1100798845291138e+00</stageThreshold>
      <weakClassifiers>
        <_>
          <internalNodes>
            0 -1 86 -2.0995531231164932e-02</internalNodes>
          <leafValues>
            2.1126760542392731e-01 -5.6896549463272095e-01</leafValues></_>
        <_>
          <internalNodes>
            0 -1 100 -8.3643393591046333e-03</internalNodes>
          <leafValues>
            4.8649105429649353e-01 -2.9953292012214661e-01</leafValues></_>
        <_>
          <internalNodes>
            0 -1 21 -6.5527542028576136e-04</internalNodes>
          <leafValues>
            -7.7594655752182007e-01 1.5494056046009064e-01</leafValues></_>
        <_>
          <internalNodes>
            0 -1 110 -1.3277651742100716e-03</internalNodes>
          <leafValues>
            5.6473004817962646e-01 -2.0392504334449768e-01</leafValues></_>
        <_>
          <internalNodes>
            0 -1 89 -1.2025827541947365e-02</internalNodes>
          <leafValues>
            -5.9825128316879272e-01 2.0476730167865753e-01</leafValues></_>
        <_>
          <internalNodes>
            0 -1 147 1.2079178122803569e-03</internalNodes>
          <leafValues>
            1.6860099136829376e-01 -6.7532229423522949e-01</leafValues></_>
        <_>
          <internalNodes>
            0 -1 142 -2.1597389131784439e-03</internalNodes>
          <leafValues>
            4.5265021920204163e-01 -3.0164352059364319e-01</leafValues></_>
        <_>
          <internalNodes>
            0 -1 58 2.0666366908699274e-03</internalNodes>
          <leafValues>
            -2.5332394242286682e-01 5.2431195974349976e-01</leafValues></_>
        <_>
          <internalNodes>
            0 -1 6 5.6641887873411179e-02</internalNodes>
          <leafValues>
            -2.0643280446529388e-01 6.1437410116195679e-01</leafValues></_>
        <_>
          <internalNodes>
            0 -1 107 -8.1198813859373331e-04</internalNodes>
          <leafValues>
            3.4029820561408997e-01 -4.3167808651924133e-01</leafValues></_></weakClassifiers></_>
    <!-- stage 13 -->
    <_>
      <maxWeakCount>8</maxWeakCount>
      <stageThreshold>-8.1211608648300171e-01</stageThreshold>
      <weakClassifiers>
        <_>
          <internalNodes>
            0 -1 114 2.6351300766691566e-04</internalNodes>
          <leafValues>
            -6.3573884963989258e-01 1.5625000000000000e-02</leafValues></_>
        <_>
          <internalNodes>
            0 -1 44 3.5320669412612915e-03</internalNodes>
          <leafValues>
            -2.5577256083488464e-01 5.2064496278762817e-01</leafValues></_>
        <_>
          <internalNodes>
            0 -1 126 1.4092992991209030e-02</internalNodes>
          <leafValues>
            -3.7110900878906250e-01 3.2272788882255554e-01</leafValues></_>
        <_>
          <internalNodes>
            0 -1 112 -2.2810127586126328e-02</internalNodes>
          <leafValues>
            -8.1084519624710083e-01 1.5684644877910614e-01</leafValues></_>
        <_>
          <internalNodes>
            0 -1 131 -4.6549942344427109e-03</internalNodes>
          <leafValues>
            5.8544540405273438e-01 -1.8691185116767883e-01</leafValues></_>
        <_>
          <internalNodes>
            0 -1 54 9.4033101049717516e-05</internalNodes>
          <leafValues>
            -2.9821947216987610e-01 4.0357831120491028e-01</leafValues></_>
        <_>
          <internalNodes>
            0 -1 66 -1.1767195537686348e-02</internalNodes>
          <leafValues>
            5.8148640394210815e-01 -2.1330694854259491e-01</leafValues></_>
        <_>
          <internalNodes>
            0 -1 115 -3.3466168679296970e-03</internalNodes>
          <leafValues>
            4.6812766790390015e-01 -3.5310459136962891e-01</leafValues></_></weakClassifiers></_>
    <!-- stage 14 -->
    <_>
      <maxWeakCount>7</maxWeakCount>
      <stageThreshold>-9.7532713413238525e-01</stageThreshold>
      <weakClassifiers>
        <_>
          <internalNodes>
            0 -1 27 -2.9036146588623524e-03</internalNodes>
          <leafValues>
            2.3287671804428101e-01 -5.7803469896316528e-01</leafValues></_>
        <_>
          <internalNodes>
            0 -1 119 1.3166844146326184e-03</internalNodes>
          <leafValues>
            1.6214312613010406e-01 -7.1746993064880371e-01</leafValues></_>
        <_>
          <internalNodes>
            0 -1 117 -3.9282022044062614e-03</internalNodes>
          <leafValues>
            3.2712054252624512e-01 -4.5730581879615784e-01</leafValues></_>
        <_>
          <internalNodes>
            0 -1 102 -5.8811930939555168e-03</internalNodes>
          <leafValues>
            3.8840818405151367e-01 -3.2937300205230713e-01</leafValues></_>
        <_>
          <internalNodes>
            0 -1 87 -8.0339476699009538e-04</internalNodes>
          <leafValues>
            -9.6132326126098633e-01 1.4469331502914429e-01</leafValues></_>
        <_>
          <internalNodes>
            0 -1 82 3.9042471908032894e-03</internalNodes>
          <leafValues>
            -2.6421988010406494e-01 5.9098529815673828e-01</leafValues></_>
        <_>
          <internalNodes>
            0 -1 51 2.5179865770041943e-03</internalNodes>
          <leafValues>
            -2.6579335331916809e-01 5.0860166549682617e-01</leafValues></_></weakClassifiers></_>
    <!-- stage 15 -->
    <_>
      <maxWeakCount>9</maxWeakCount>
      <stageThreshold>-1.2311987876892090e+00</stageThreshold>
      <weakClassifiers>
        <_>
          <internalNodes>
            0 -1 71 3.7544849328696728e-03</internalNodes>
          <leafValues>
            -5.4223436117172241e-01 3.0769231915473938e-01</leafValues></_>
        <_>
          <internalNodes>
            0 -1 39 1.2946354225277901e-02</internalNodes>
          <leafValues>
            1.4894323050975800e-01 -6.2155377864837646e-01</leafValues></_>
        <_>
          <internalNodes>
            0 -1 16 -4.2979101999662817e-04</internalNodes>
          <leafValues>
            -6.9607955217361450e-01 1.6041274368762970e-01</leafValues></_>
        <_>
          <internalNodes>
            0 -1 78 -1.5381334349513054e-02</internalNodes>
          <leafValues>
            -7.5433146953582764e-01 1.6680994629859924e-01</leafValues></_>
        <_>
          <internalNodes>
            0 -1 151 1.1598580749705434e-04</internalNodes>
          <leafValues>
            2.2651368379592896e-01 -4.9505999684333801e-01</leafValues></_>
        <_>
          <internalNodes>
            0 -1 138 8.2481196150183678e-03</internalNodes>
          <leafValues>
            -1.9286286830902100e-01 6.6582119464874268e-01</leafValues></_>
        <_>
          <internalNodes>
            0 -1 136 -6.4525147899985313e-03</internalNodes>
          <leafValues>
            6.1861395835876465e-01 -2.3272027075290680e-01</leafValues></_>
        <_>
          <internalNodes>
            0 -1 111 -4.4917054474353790e-03</internalNodes>
          <leafValues>
            -7.2843265533447266e-01 1.9672192633152008e-01</leafValues></_>
        <_>
          <internalNodes>
            0 -1 57 7.8193152148742229e-05</internalNodes>
          <leafValues>
            -3.6598125100135803e-01 4.1274586319923401e-01</leafValues></_></weakClassifiers></_>
    <!-- stage 16 -->
    <_>
      <maxWeakCount>7</maxWeakCount>
      <stageThreshold>-9.3910104036331177e-01</stageThreshold>
      <weakClassifiers>
        <_>
          <internalNodes>
            0 -1 52 -5.4710144177079201e-03</internalNodes>
          <leafValues>
            4.4999998807907104e-01 -5.3034299612045288e-01</leafValues></_>
        <_>
          <internalNodes>
            0 -1 72 -1.6544248210266232e-03</internalNodes>
          <leafValues>
            4.1289550065994263e-01 -2.6093149185180664e-01</leafValues></_>
        <_>
          <internalNodes>
            0 -1 59 8.9926486834883690e-03</internalNodes>
          <leafValues>
            1.1272698640823364e-01 -9.4133108854293823e-01</leafValues></_>
        <_>
          <internalNodes>
            0 -1 149 6.8485061638057232e-03</internalNodes>
          <leafValues>
            1.2194549292325974e-01 -1.</leafValues></_>
        <_>
          <internalNodes>
            0 -1 81 7.6219737529754639e-03</internalNodes>
          <leafValues>
            1.9690310955047607e-01 -5.1126283407211304e-01</leafValues></_>
        <_>
          <internalNodes>
            0 -1 7 5.1824604161083698e-03</internalNodes>
          <leafValues>
            1.2181857228279114e-01 -9.0843480825424194e-01</leafValues></_>
        <_>
          <internalNodes>
            0 -1 143 -6.9530756445601583e-04</internalNodes>
          <leafValues>
            4.1845661401748657e-01 -3.2098963856697083e-01</leafValues></_></weakClassifiers></_>
    <!-- stage 17 -->
    <_>
      <maxWeakCount>7</maxWeakCount>
      <stageThreshold>-8.8351118564605713e-01</stageThreshold>
      <weakClassifiers>
        <_>
          <internalNodes>
            0 -1 9 -3.4610503353178501e-03</internalNodes>
          <leafValues>
            4.0298506617546082e-01 -5.9659093618392944e-01</leafValues></_>
        <_>
          <internalNodes>
            0 -1 49 -7.6493382453918457e-02</internalNodes>
          <leafValues>
            -8.0950462818145752e-01 1.1150071024894714e-01</leafValues></_>
        <_>
          <internalNodes>
            0 -1 130 7.5522037222981453e-03</internalNodes>
          <leafValues>
            -3.4031993150711060e-01 3.8415598869323730e-01</leafValues></_>
        <_>
          <internalNodes>
            0 -1 45 -9.9762007594108582e-03</internalNodes>
          <leafValues>
            8.3493596315383911e-01 -1.3035167753696442e-01</leafValues></_>
        <_>
          <internalNodes>
            0 -1 118 2.2723336587660015e-04</internalNodes>
          <leafValues>
            1.6265881061553955e-01 -8.7068396806716919e-01</leafValues></_>
        <_>
          <internalNodes>
            0 -1 53 -1.7387769185006618e-03</internalNodes>
          <leafValues>
            5.5553394556045532e-01 -2.6281011104583740e-01</leafValues></_>
        <_>
          <internalNodes>
            0 -1 90 -8.8175917044281960e-03</internalNodes>
          <leafValues>
            -8.0244636535644531e-01 1.7240189015865326e-01</leafValues></_></weakClassifiers></_>
    <!-- stage 18 -->
    <_>
      <maxWeakCount>7</maxWeakCount>
      <stageThreshold>-9.0354675054550171e-01</stageThreshold>
      <weakClassifiers>
        <_>
          <internalNodes>
            0 -1 25 -9.5786936581134796e-03</internalNodes>
          <leafValues>
            4.7368422150611877e-01 -5.8011049032211304e-01</leafValues></_>
        <_>
          <internalNodes>
            0 -1 12 -8.6637493222951889e-04</internalNodes>
          <leafValues>
            -8.1882005929946899e-01 1.3688723742961884e-01</leafValues></_>
        <_>
          <internalNodes>
            0 -1 105 -5.0027004908770323e-04</internalNodes>
          <leafValues>
            5.9837114810943604e-01 -2.9697573184967041e-01</leafValues></_>
        <_>
          <internalNodes>
            0 -1 79 4.4487253762781620e-04</internalNodes>
          <leafValues>
            2.9012915492057800e-01 -6.8422788381576538e-01</leafValues></_>
        <_>
          <internalNodes>
            0 -1 93 -1.9642631523311138e-03</internalNodes>
          <leafValues>
            6.3377356529235840e-01 -3.1904545426368713e-01</leafValues></_>
        <_>
          <internalNodes>
            0 -1 145 -1.3399852905422449e-03</internalNodes>
          <leafValues>
            -6.3672280311584473e-01 3.6701741814613342e-01</leafValues></_>
        <_>
          <internalNodes>
            0 -1 95 2.7850165497511625e-04</internalNodes>
          <leafValues>
            -3.7151747941970825e-01 6.9362550973892212e-01</leafValues></_></weakClassifiers></_>
    <!-- stage 19 -->
    <_>
      <maxWeakCount>7</maxWeakCount>
      <stageThreshold>-1.4527546167373657e+00</stageThreshold>
      <weakClassifiers>
        <_>
          <internalNodes>
            0 -1 135 -1.0976168559864163e-03</internalNodes>
          <leafValues>
            8.2608693838119507e-01 -5.9249329566955566e-01</leafValues></_>
        <_>
          <internalNodes>
            0 -1 121 -7.5519015081226826e-04</internalNodes>
          <leafValues>
            9.2952448129653931e-01 -2.8478929400444031e-01</leafValues></_>
        <_>
          <internalNodes>
            0 -1 18 7.1028289385139942e-03</internalNodes>
          <leafValues>
            -1.9920893013477325e-01 8.3417981863021851e-01</leafValues></_>
        <_>
          <internalNodes>
            0 -1 116 -1.7294168355874717e-04</internalNodes>
          <leafValues>
            -3.7218093872070312e-01 7.0942270755767822e-01</leafValues></_>
        <_>
          <internalNodes>
            0 -1 5 -1.8445991445332766e-03</internalNodes>
          <leafValues>
            7.6904243230819702e-01 -2.6400184631347656e-01</leafValues></_>
        <_>
          <internalNodes>
            0 -1 108 6.1007840558886528e-03</internalNodes>
          <leafValues>
            -4.4908979535102844e-01 5.5995494127273560e-01</leafValues></_>
        <_>
          <internalNodes>
            0 -1 94 -4.9610540736466646e-04</internalNodes>
          <leafValues>
            7.8660207986831665e-01 -3.2403478026390076e-01</leafValues></_></weakClassifiers></_></stages>
  <features>
    <_>
      <rects>
        <_>
          0 0 8 10 -1.</_>
        <_>
          0 0 4 5 2.</_>
        <_>
          4 5 4 5 2.</_></rects>
      <tilted>0</tilted></_>
    <_>
      <rects>
        <_>
          0 0 13 6 -1.</_>
        <_>
          0 2 13 2 3.</_></rects>
      <tilted>0</tilted></_>
    <_>
      <rects>
        <_>
          0 0 16 2 -1.</_>
        <_>
          0 1 16 1 2.</_></rects>
      <tilted>0</tilted></_>
    <_>
      <rects>
        <_>
          0 0 33 4 -1.</_>
        <_>
          0 2 33 2 2.</_></rects>
      <tilted>0</tilted></_>
    <_>
      <rects>
        <_>
          0 2 1 9 -1.</_>
        <_>
          0 5 1 3 3.</_></rects>
      <tilted>0</tilted></_>
    <_>
      <rects>
        <_>
          0 3 4 5 -1.</_>
        <_>
          2 3 2 5 2.</_></rects>
      <tilted>0</tilted></_>
    <_>
      <rects>
        <_>
          0 4 10 8 -1.</_>
        <_>
          5 4 5 8 2.</_></rects>
      <tilted>0</tilted></_>
    <_>
      <rects>
        <_>
          0 5 2 4 -1.</_>
        <_>
          0 7 2 2 2.</_></rects>
      <tilted>0</tilted></_>
    <_>
      <rects>
        <_>
          0 6 3 4 -1.</_>
        <_>
          0 7 3 2 2.</_></rects>
      <tilted>0</tilted></_>
    <_>
      <rects>
        <_>
          0 6 10 1 -1.</_>
        <_>
          5 6 5 1 2.</_></rects>
      <tilted>0</tilted></_>
    <_>
      <rects>
        <_>
          0 7 4 3 -1.</_>
        <_>
          0 8 4 1 3.</_></rects>
      <tilted>0</tilted></_>
    <_>
      <rects>
        <_>
          0 7 10 8 -1.</_>
        <_>
          5 7 5 8 2.</_></rects>
      <tilted>0</tilted></_>
    <_>
      <rects>
        <_>
          0 9 1 4 -1.</_>
        <_>
          0 10 1 2 2.</_></rects>
      <tilted>0</tilted></_>
    <_>
      <rects>
        <_>
          1 0 9 2 -1.</_>
        <_>
          4 0 3 2 3.</_></rects>
      <tilted>0</tilted></_>
    <_>
      <rects>
        <_>
          1 0 6 15 -1.</_>
        <_>
          4 0 3 15 2.</_></rects>
      <tilted>0</tilted></_>
    <_>
      <rects>
        <_>
          1 4 6 8 -1.</_>
        <_>
          3 4 2 8 3.</_></rects>
      <tilted>0</tilted></_>
    <_>
      <rects>
        <_>
          1 8 1 3 -1.</_>
        <_>
          1 9 1 1 3.</_></rects>
      <tilted>0</tilted></_>
    <_>
      <rects>
        <_>
          2 3 4 2 -1.</_>
        <_>
          3 4 2 2 2.</_></rects>
      <tilted>1</tilted></_>
    <_>
      <rects>
        <_>
          2 3 6 6 -1.</_>
        <_>
          2 5 6 2 3.</_></rects>
      <tilted>0</tilted></_>
    <_>
      <rects>
        <_>
          2 5 6 9 -1.</_>
        <_>
          4 5 2 9 3.</_></rects>
      <tilted>0</tilted></_>
    <_>
      <rects>
        <_>
          2 7 4 4 -1.</_>
        <_>
          3 7 2 4 2.</_></rects>
      <tilted>0</tilted></_>
    <_>
      <rects>
        <_>
          2 10 1 2 -1.</_>
        <_>
          2 11 1 1 2.</_></rects>
      <tilted>0</tilted></_>
    <_>
      <rects>
        <_>
          3 0 3 2 -1.</_>
        <_>
          4 0 1 2 3.</_></rects>
      <tilted>0</tilted></_>
    <_>
      <rects>
        <_>
          3 1 4 10 -1.</_>
        <_>
          3 1 2 5 2.</_>
        <_>
          5 6 2 5 2.</_></rects>
      <tilted>0</tilted></_>
    <_>
      <rects>
        <_>
          3 3 4 9 -1.</_>
        <_>
          4 3 2 9 2.</_></rects>
      <tilted>0</tilted></_>
    <_>
      <rects>
        <_>
          3 3 4 8 -1.</_>
        <_>
          5 3 2 8 2.</_></rects>
      <tilted>0</tilted></_>
    <_>
      <rects>
        <_>
          3 6 3 5 -1.</_>
        <_>
          4 6 1 5 3.</_></rects>
      <tilted>0</tilted></_>
    <_>
      <rects>
        <_>
          4 0 2 10 -1.</_>
        <_>
          5 0 1 10 2.</_></rects>
      <tilted>0</tilted></_>
    <_>
      <rects>
        <_>
          4 0 27 6 -1.</_>
        <_>
          4 3 27 3 2.</_></rects>
      <tilted>0</tilted></_>
    <_>
      <rects>
        <_>
          4 2 12 3 -1.</_>
        <_>
          7 2 6 3 2.</_></rects>
      <tilted>0</tilted></_>
    <_>
      <rects>
        <_>
          4 8 6 1 -1.</_>
        <_>
          6 8 2 1 3.</_></rects>
      <tilted>0</tilted></_>
    <_>
      <rects>
        <_>
          5 0 15 6 -1.</_>
        <_>
          5 2 15 2 3.</_></rects>
      <tilted>0</tilted></_>
    <_>
      <rects>
        <_>
          5 2 12 3 -1.</_>
        <_>
          9 2 4 3 3.</_></rects>
      <tilted>0</tilted></_>
    <_>
      <rects>
        <_>
          5 4 27 9 -1.</_>
        <_>
          14 4 9 9 3.</_></rects>
      <tilted>0</tilted></_>
    <_>
      <rects>
        <_>
          6 3 1 3 -1.</_>
        <_>
          6 4 1 1 3.</_></rects>
      <tilted>0</tilted></_>
    <_>
      <rects>
        <_>
          6 4 3 8 -1.</_>
        <_>
          7 4 1 8 3.</_></rects>
      <tilted>0</tilted></_>
    <_>
      <rects>
        <_>
          7 0 8 3 -1.</_>
        <_>
          9 0 4 3 2.</_></rects>
      <tilted>0</tilted></_>
    <_>
      <rects>
        <_>
          7 0 12 6 -1.</_>
        <_>
          10 0 6 6 2.</_></rects>
      <tilted>0</tilted></_>
    <_>
      <rects>
        <_>
          7 5 4 2 -1.</_>
        <_>
          8 6 2 2 2.</_></rects>
      <tilted>1</tilted></_>
    <_>
      <rects>
        <_>
          7 5 28 3 -1.</_>
        <_>
          14 5 14 3 2.</_></rects>
      <tilted>0</tilted></_>
    <_>
      <rects>
        <_>
          7 7 18 3 -1.</_>
        <_>
          16 7 9 3 2.</_></rects>
      <tilted>0</tilted></_>
    <_>
      <rects>
        <_>
          7 8 18 7 -1.</_>
        <_>
          13 8 6 7 3.</_></rects>
      <tilted>0</tilted></_>
    <_>
      <rects>
        <_>
          7 8 16 3 -1.</_>
        <_>
          7 9 16 1 3.</_></rects>
      <tilted>0</tilted></_>
    <_>
      <rects>
        <_>
          7 9 20 6 -1.</_>
        <_>
          12 9 10 6 2.</_></rects>
      <tilted>0</tilted></_>
    <_>
      <rects>
        <_>
          7 11 8 2 -1.</_>
        <_>
          7 12 8 1 2.</_></rects>
      <tilted>0</tilted></_>
    <_>
      <rects>
        <_>
          8 0 3 8 -1.</_>
        <_>
          9 1 1 8 3.</_></rects>
      <tilted>1</tilted></_>
    <_>
      <rects>
        <_>
          8 4 6 8 -1.</_>
        <_>
          10 4 2 8 3.</_></rects>
      <tilted>0</tilted></_>
    <_>
      <rects>
        <_>
          8 4 12 7 -1.</_>
        <_>
          14 4 6 7 2.</_></rects>
      <tilted>0</tilted></_>
    <_>
      <rects>
        <_>
          9 0 15 4 -1.</_>
        <_>
          14 0 5 4 3.</_></rects>
      <tilted>0</tilted></_>
    <_>
      <rects>
        <_>
          9 0 20 12 -1.</_>
        <_>
          19 0 10 12 2.</_></rects>
      <tilted>0</tilted></_>
    <_>
      <rects>
        <_>
          9 0 19 4 -1.</_>
        <_>
          9 2 19 2 2.</_></rects>
      <tilted>0</tilted></_>
    <_>
      <rects>
        <_>
          9 2 4 4 -1.</_>
        <_>
          9 3 4 2 2.</_></rects>
      <tilted>0</tilted></_>
    <_>
      <rects>
        <_>
          9 6 4 5 -1.</_>
        <_>
          10 6 2 5 2.</_></rects>
      <tilted>0</tilted></_>
    <_>
      <rects>
        <_>
          9 7 1 3 -1.</_>
        <_>
          8 8 1 1 3.</_></rects>
      <tilted>1</tilted></_>
    <_>
      <rects>
        <_>
          9 11 2 1 -1.</_>
        <_>
          10 11 1 1 2.</_></rects>
      <tilted>0</tilted></_>
    <_>
      <rects>
        <_>
          9 11 27 4 -1.</_>
        <_>
          9 13 27 2 2.</_></rects>
      <tilted>0</tilted></_>
    <_>
      <rects>
        <_>
          10 2 24 5 -1.</_>
        <_>
          16 2 12 5 2.</_></rects>
      <tilted>0</tilted></_>
    <_>
      <rects>
        <_>
          10 4 2 2 -1.</_>
        <_>
          10 4 1 1 2.</_>
        <_>
          11 5 1 1 2.</_></rects>
      <tilted>0</tilted></_>
    <_>
      <rects>
        <_>
          10 5 4 7 -1.</_>
        <_>
          11 5 2 7 2.</_></rects>
      <tilted>0</tilted></_>
    <_>
      <rects>
        <_>
          10 7 18 1 -1.</_>
        <_>
          19 7 9 1 2.</_></rects>
      <tilted>0</tilted></_>
    <_>
      <rects>
        <_>
          10 10 12 4 -1.</_>
        <_>
          10 11 12 2 2.</_></rects>
      <tilted>0</tilted></_>
    <_>
      <rects>
        <_>
          11 1 14 14 -1.</_>
        <_>
          18 1 7 14 2.</_></rects>
      <tilted>0</tilted></_>
    <_>
      <rects>
        <_>
          12 4 14 8 -1.</_>
        <_>
          12 4 7 4 2.</_>
        <_>
          19 8 7 4 2.</_></rects>
      <tilted>0</tilted></_>
    <_>
      <rects>
        <_>
          12 10 3 2 -1.</_>
        <_>
          12 11 3 1 2.</_></rects>
      <tilted>0</tilted></_>
    <_>
      <rects>
        <_>
          12 11 22 4 -1.</_>
        <_>
          12 13 22 2 2.</_></rects>
      <tilted>0</tilted></_>
    <_>
      <rects>
        <_>
          13 0 4 4 -1.</_>
        <_>
          13 2 4 2 2.</_></rects>
      <tilted>0</tilted></_>
    <_>
      <rects>
        <_>
          13 2 18 2 -1.</_>
        <_>
          13 3 18 1 2.</_></rects>
      <tilted>0</tilted></_>
    <_>
      <rects>
        <_>
          13 6 6 7 -1.</_>
        <_>
          15 6 2 7 3.</_></rects>
      <tilted>0</tilted></_>
    <_>
      <rects>
        <_>
          13 8 10 4 -1.</_>
        <_>
          13 10 10 2 2.</_></rects>
      <tilted>0</tilted></_>
    <_>
      <rects>
        <_>
          13 9 9 3 -1.</_>
        <_>
          16 10 3 1 9.</_></rects>
      <tilted>0</tilted></_>
    <_>
      <rects>
        <_>
          13 12 12 3 -1.</_>
        <_>
          16 12 6 3 2.</_></rects>
      <tilted>0</tilted></_>
    <_>
      <rects>
        <_>
          14 1 3 9 -1.</_>
        <_>
          15 1 1 9 3.</_></rects>
      <tilted>0</tilted></_>
    <_>
      <rects>
        <_>
          14 6 3 4 -1.</_>
        <_>
          15 6 1 4 3.</_></rects>
      <tilted>0</tilted></_>
    <_>
      <rects>
        <_>
          15 0 25 6 -1.</_>
        <_>
          15 2 25 2 3.</_></rects>
      <tilted>0</tilted></_>
    <_>
      <rects>
        <_>
          15 3 18 4 -1.</_>
        <_>
          21 3 6 4 3.</_></rects>
      <tilted>0</tilted></_>
    <_>
      <rects>
        <_>
          15 5 2 5 -1.</_>
        <_>
          16 5 1 5 2.</_></rects>
      <tilted>0</tilted></_>
    <_>
      <rects>
        <_>
          15 6 3 7 -1.</_>
        <_>
          16 6 1 7 3.</_></rects>
      <tilted>0</tilted></_>
    <_>
      <rects>
        <_>
          15 11 18 4 -1.</_>
        <_>
          21 11 6 4 3.</_></rects>
      <tilted>0</tilted></_>
    <_>
      <rects>
        <_>
          16 0 20 2 -1.</_>
        <_>
          21 0 10 2 2.</_></rects>
      <tilted>0</tilted></_>
    <_>
      <rects>
        <_>
          16 1 6 1 -1.</_>
        <_>
          18 1 2 1 3.</_></rects>
      <tilted>0</tilted></_>
    <_>
      <rects>
        <_>
          16 2 1 4 -1.</_>
        <_>
          16 3 1 2 2.</_></rects>
      <tilted>0</tilted></_>
    <_>
      <rects>
        <_>
          16 2 20 10 -1.</_>
        <_>
          16 2 10 5 2.</_>
        <_>
          26 7 10 5 2.</_></rects>
      <tilted>0</tilted></_>
    <_>
      <rects>
        <_>
          16 4 5 3 -1.</_>
        <_>
          15 5 5 1 3.</_></rects>
      <tilted>1</tilted></_>
    <_>
      <rects>
        <_>
          16 6 6 6 -1.</_>
        <_>
          18 6 2 6 3.</_></rects>
      <tilted>0</tilted></_>
    <_>
      <rects>
        <_>
          16 8 11 4 -1.</_>
        <_>
          16 10 11 2 2.</_></rects>
      <tilted>0</tilted></_>
    <_>
      <rects>
        <_>
          16 12 16 2 -1.</_>
        <_>
          20 12 8 2 2.</_></rects>
      <tilted>0</tilted></_>
    <_>
      <rects>
        <_>
          16 13 23 2 -1.</_>
        <_>
          16 14 23 1 2.</_></rects>
      <tilted>0</tilted></_>
    <_>
      <rects>
        <_>
          17 2 3 2 -1.</_>
        <_>
          18 2 1 2 3.</_></rects>
      <tilted>0</tilted></_>
    <_>
      <rects>
        <_>
          17 6 6 5 -1.</_>
        <_>
          19 6 2 5 3.</_></rects>
      <tilted>0</tilted></_>
    <_>
      <rects>
        <_>
          17 7 16 6 -1.</_>
        <_>
          21 7 8 6 2.</_></rects>
      <tilted>0</tilted></_>
    <_>
      <rects>
        <_>
          17 9 15 4 -1.</_>
        <_>
          22 9 5 4 3.</_></rects>
      <tilted>0</tilted></_>
    <_>
      <rects>
        <_>
          18 1 11 12 -1.</_>
        <_>
          18 7 11 6 2.</_></rects>
      <tilted>0</tilted></_>
    <_>
      <rects>
        <_>
          18 8 4 4 -1.</_>
        <_>
          18 10 4 2 2.</_></rects>
      <tilted>0</tilted></_>
    <_>
      <rects>
        <_>
          19 4 4 6 -1.</_>
        <_>
          20 4 2 6 2.</_></rects>
      <tilted>0</tilted></_>
    <_>
      <rects>
        <_>
          19 6 3 2 -1.</_>
        <_>
          19 7 3 1 2.</_></rects>
      <tilted>0</tilted></_>
    <_>
      <rects>
        <_>
          19 7 2 1 -1.</_>
        <_>
          20 7 1 1 2.</_></rects>
      <tilted>0</tilted></_>
    <_>
      <rects>
        <_>
          20 0 6 2 -1.</_>
        <_>
          22 0 2 2 3.</_></rects>
      <tilted>0</tilted></_>
    <_>
      <rects>
        <_>
          20 7 5 4 -1.</_>
        <_>
          20 8 5 2 2.</_></rects>
      <tilted>0</tilted></_>
    <_>
      <rects>
        <_>
          20 9 13 6 -1.</_>
        <_>
          20 12 13 3 2.</_></rects>
      <tilted>0</tilted></_>
    <_>
      <rects>
        <_>
          21 7 8 2 -1.</_>
        <_>
          23 7 4 2 2.</_></rects>
      <tilted>0</tilted></_>
    <_>
      <rects>
        <_>
          22 11 7 4 -1.</_>
        <_>
          22 12 7 2 2.</_></rects>
      <tilted>0</tilted></_>
    <_>
      <rects>
        <_>
          23 10 6 4 -1.</_>
        <_>
          23 12 6 2 2.</_></rects>
      <tilted>0</tilted></_>
    <_>
      <rects>
        <_>
          24 2 9 8 -1.</_>
        <_>
          27 2 3 8 3.</_></rects>
      <tilted>0</tilted></_>
    <_>
      <rects>
        <_>
          24 4 6 5 -1.</_>
        <_>
          26 4 2 5 3.</_></rects>
      <tilted>0</tilted></_>
    <_>
      <rects>
        <_>
          24 5 3 9 -1.</_>
        <_>
          25 8 1 3 9.</_></rects>
      <tilted>0</tilted></_>
    <_>
      <rects>
        <_>
          24 7 2 2 -1.</_>
        <_>
          25 7 1 2 2.</_></rects>
      <tilted>0</tilted></_>
    <_>
      <rects>
        <_>
          24 7 8 2 -1.</_>
        <_>
          26 7 4 2 2.</_></rects>
      <tilted>0</tilted></_>
    <_>
      <rects>
        <_>
          24 7 9 1 -1.</_>
        <_>
          27 7 3 1 3.</_></rects>
      <tilted>0</tilted></_>
    <_>
      <rects>
        <_>
          24 7 16 7 -1.</_>
        <_>
          28 7 8 7 2.</_></rects>
      <tilted>0</tilted></_>
    <_>
      <rects>
        <_>
          24 9 3 3 -1.</_>
        <_>
          24 10 3 1 3.</_></rects>
      <tilted>0</tilted></_>
    <_>
      <rects>
        <_>
          24 9 4 4 -1.</_>
        <_>
          24 10 4 2 2.</_></rects>
      <tilted>0</tilted></_>
    <_>
      <rects>
        <_>
          24 10 8 4 -1.</_>
        <_>
          26 10 4 4 2.</_></rects>
      <tilted>0</tilted></_>
    <_>
      <rects>
        <_>
          25 6 10 8 -1.</_>
        <_>
          25 6 5 4 2.</_>
        <_>
          30 10 5 4 2.</_></rects>
      <tilted>0</tilted></_>
    <_>
      <rects>
        <_>
          25 13 4 2 -1.</_>
        <_>
          26 13 2 2 2.</_></rects>
      <tilted>0</tilted></_>
    <_>
      <rects>
        <_>
          26 1 1 2 -1.</_>
        <_>
          26 2 1 1 2.</_></rects>
      <tilted>0</tilted></_>
    <_>
      <rects>
        <_>
          26 1 2 5 -1.</_>
        <_>
          26 1 1 5 2.</_></rects>
      <tilted>1</tilted></_>
    <_>
      <rects>
        <_>
          26 9 2 5 -1.</_>
        <_>
          27 9 1 5 2.</_></rects>
      <tilted>0</tilted></_>
    <_>
      <rects>
        <_>
          26 10 14 5 -1.</_>
        <_>
          33 10 7 5 2.</_></rects>
      <tilted>0</tilted></_>
    <_>
      <rects>
        <_>
          26 13 2 1 -1.</_>
        <_>
          27 13 1 1 2.</_></rects>
      <tilted>0</tilted></_>
    <_>
      <rects>
        <_>
          27 13 6 2 -1.</_>
        <_>
          29 13 2 2 3.</_></rects>
      <tilted>0</tilted></_>
    <_>
      <rects>
        <_>
          28 9 2 2 -1.</_>
        <_>
          28 10 2 1 2.</_></rects>
      <tilted>0</tilted></_>
    <_>
      <rects>
        <_>
          29 9 1 4 -1.</_>
        <_>
          29 10 1 2 2.</_></rects>
      <tilted>0</tilted></_>
    <_>
      <rects>
        <_>
          29 11 4 4 -1.</_>
        <_>
          30 11 2 4 2.</_></rects>
      <tilted>0</tilted></_>
    <_>
      <rects>
        <_>
          30 5 3 3 -1.</_>
        <_>
          31 5 1 3 3.</_></rects>
      <tilted>0</tilted></_>
    <_>
      <rects>
        <_>
          30 13 6 1 -1.</_>
        <_>
          32 13 2 1 3.</_></rects>
      <tilted>0</tilted></_>
    <_>
      <rects>
        <_>
          31 3 9 5 -1.</_>
        <_>
          34 3 3 5 3.</_></rects>
      <tilted>0</tilted></_>
    <_>
      <rects>
        <_>
          31 3 6 12 -1.</_>
        <_>
          31 7 6 4 3.</_></rects>
      <tilted>0</tilted></_>
    <_>
      <rects>
        <_>
          31 4 8 4 -1.</_>
        <_>
          35 4 4 4 2.</_></rects>
      <tilted>0</tilted></_>
    <_>
      <rects>
        <_>
          31 5 9 6 -1.</_>
        <_>
          34 5 3 6 3.</_></rects>
      <tilted>0</tilted></_>
    <_>
      <rects>
        <_>
          31 7 8 8 -1.</_>
        <_>
          31 7 4 4 2.</_>
        <_>
          35 11 4 4 2.</_></rects>
      <tilted>0</tilted></_>
    <_>
      <rects>
        <_>
          31 8 9 7 -1.</_>
        <_>
          34 8 3 7 3.</_></rects>
      <tilted>0</tilted></_>
    <_>
      <rects>
        <_>
          31 13 8 2 -1.</_>
        <_>
          31 14 8 1 2.</_></rects>
      <tilted>0</tilted></_>
    <_>
      <rects>
        <_>
          32 2 8 10 -1.</_>
        <_>
          36 2 4 10 2.</_></rects>
      <tilted>0</tilted></_>
    <_>
      <rects>
        <_>
          32 4 8 5 -1.</_>
        <_>
          36 4 4 5 2.</_></rects>
      <tilted>0</tilted></_>
    <_>
      <rects>
        <_>
          32 5 8 8 -1.</_>
        <_>
          36 5 4 8 2.</_></rects>
      <tilted>0</tilted></_>
    <_>
      <rects>
        <_>
          32 11 1 3 -1.</_>
        <_>
          32 12 1 1 3.</_></rects>
      <tilted>0</tilted></_>
    <_>
      <rects>
        <_>
          33 3 6 6 -1.</_>
        <_>
          35 3 2 6 3.</_></rects>
      <tilted>0</tilted></_>
    <_>
      <rects>
        <_>
          33 9 2 3 -1.</_>
        <_>
          33 9 1 3 2.</_></rects>
      <tilted>1</tilted></_>
    <_>
      <rects>
        <_>
          34 3 4 8 -1.</_>
        <_>
          35 3 2 8 2.</_></rects>
      <tilted>0</tilted></_>
    <_>
      <rects>
        <_>
          34 6 6 6 -1.</_>
        <_>
          37 6 3 6 2.</_></rects>
      <tilted>0</tilted></_>
    <_>
      <rects>
        <_>
          34 9 6 6 -1.</_>
        <_>
          34 9 3 3 2.</_>
        <_>
          37 12 3 3 2.</_></rects>
      <tilted>0</tilted></_>
    <_>
      <rects>
        <_>
          35 8 5 2 -1.</_>
        <_>
          35 9 5 1 2.</_></rects>
      <tilted>0</tilted></_>
    <_>
      <rects>
        <_>
          35 9 4 2 -1.</_>
        <_>
          36 10 2 2 2.</_></rects>
      <tilted>1</tilted></_>
    <_>
      <rects>
        <_>
          36 2 4 2 -1.</_>
        <_>
          37 3 2 2 2.</_></rects>
      <tilted>1</tilted></_>
    <_>
      <rects>
        <_>
          37 3 2 4 -1.</_>
        <_>
          36 4 2 2 2.</_></rects>
      <tilted>1</tilted></_>
    <_>
      <rects>
        <_>
          37 3 2 6 -1.</_>
        <_>
          37 5 2 2 3.</_></rects>
      <tilted>0</tilted></_>
    <_>
      <rects>
        <_>
          37 3 2 8 -1.</_>
        <_>
          37 5 2 4 2.</_></rects>
      <tilted>0</tilted></_>
    <_>
      <rects>
        <_>
          37 7 3 4 -1.</_>
        <_>
          37 8 3 2 2.</_></rects>
      <tilted>0</tilted></_>
    <_>
      <rects>
        <_>
          37 8 1 3 -1.</_>
        <_>
          37 9 1 1 3.</_></rects>
      <tilted>0</tilted></_>
    <_>
      <rects>
        <_>
          38 2 1 9 -1.</_>
        <_>
          38 5 1 3 3.</_></rects>
      <tilted>0</tilted></_>
    <_>
      <rects>
        <_>
          38 4 1 4 -1.</_>
        <_>
          38 5 1 2 2.</_></rects>
      <tilted>0</tilted></_>
    <_>
      <rects>
        <_>
          38 12 2 2 -1.</_>
        <_>
          39 12 1 2 2.</_></rects>
      <tilted>0</tilted></_>
    <_>
      <rects>
        <_>
          39 7 1 3 -1.</_>
        <_>
          39 8 1 1 3.</_></rects>
      <tilted>0</tilted></_></features></cascade>
</opencv_storage>
