<?xml version="1.0"?>
<opencv_storage>
<cascade>
  <stageType>BOOST</stageType>
  <featureType>HAAR</featureType>
  <height>32</height>
  <width>16</width>
  <stageParams>
    <boostType>GAB</boostType>
    <minHitRate>9.9900001287460327e-01</minHitRate>
    <maxFalseAlarm>5.0000000000000000e-01</maxFalseAlarm>
    <weightTrimRate>9.4999999999999996e-01</weightTrimRate>
    <maxDepth>1</maxDepth>
    <maxWeakCount>100</maxWeakCount></stageParams>
  <featureParams>
    <maxCatCount>0</maxCatCount>
    <featSize>1</featSize>
    <mode>ALL</mode></featureParams>
  <stageNum>20</stageNum>
  <stages>
    <!-- stage 0 -->
    <_>
      <maxWeakCount>3</maxWeakCount>
      <stageThreshold>-6.0749566555023193e-01</stageThreshold>
      <weakClassifiers>
        <_>
          <internalNodes>
            0 -1 92 2.8857922181487083e-02</internalNodes>
          <leafValues>
            -5.6561088562011719e-01 7.2727274894714355e-01</leafValues></_>
        <_>
          <internalNodes>
            0 -1 56 1.5767849981784821e-03</internalNodes>
          <leafValues>
            -5.6766080856323242e-01 4.7606766223907471e-01</leafValues></_>
        <_>
          <internalNodes>
            0 -1 20 -2.3473873734474182e-01</internalNodes>
          <leafValues>
            6.2137818336486816e-01 -5.1795244216918945e-01</leafValues></_></weakClassifiers></_>
    <!-- stage 1 -->
    <_>
      <maxWeakCount>5</maxWeakCount>
      <stageThreshold>-6.7774868011474609e-01</stageThreshold>
      <weakClassifiers>
        <_>
          <internalNodes>
            0 -1 73 7.0477366447448730e-02</internalNodes>
          <leafValues>
            -5.8715593814849854e-01 7.3913043737411499e-01</leafValues></_>
        <_>
          <internalNodes>
            0 -1 63 1.3702200725674629e-02</internalNodes>
          <leafValues>
            -6.5583139657974243e-01 4.7188559174537659e-01</leafValues></_>
        <_>
          <internalNodes>
            0 -1 116 -5.7979393750429153e-04</internalNodes>
          <leafValues>
            -6.7542201280593872e-01 4.0733045339584351e-01</leafValues></_>
        <_>
          <internalNodes>
            0 -1 40 3.9918054826557636e-03</internalNodes>
          <leafValues>
            -4.7562795877456665e-01 5.6713217496871948e-01</leafValues></_>
        <_>
          <internalNodes>
            0 -1 113 -1.5439563430845737e-02</internalNodes>
          <leafValues>
            7.8080457448959351e-01 -4.0922397375106812e-01</leafValues></_></weakClassifiers></_>
    <!-- stage 2 -->
    <_>
      <maxWeakCount>6</maxWeakCount>
      <stageThreshold>-8.6050742864608765e-01</stageThreshold>
      <weakClassifiers>
        <_>
          <internalNodes>
            0 -1 86 6.7594051361083984e-02</internalNodes>
          <leafValues>
            -5.3153151273727417e-01 6.3076925277709961e-01</leafValues></_>
        <_>
          <internalNodes>
            0 -1 89 4.5303188264369965e-02</internalNodes>
          <leafValues>
            -4.5550110936164856e-01 6.0054129362106323e-01</leafValues></_>
        <_>
          <internalNodes>
            0 -1 106 1.7621582373976707e-03</internalNodes>
          <leafValues>
            -5.1165652275085449e-01 4.2092537879943848e-01</leafValues></_>
        <_>
          <internalNodes>
            0 -1 104 1.7554695659782737e-04</internalNodes>
          <leafValues>
            -4.0671417117118835e-01 5.2330237627029419e-01</leafValues></_>
        <_>
          <internalNodes>
            0 -1 21 4.0100933983922005e-03</internalNodes>
          <leafValues>
            -3.6558240652084351e-01 6.4983212947845459e-01</leafValues></_>
        <_>
          <internalNodes>
            0 -1 32 -2.6091481558978558e-03</internalNodes>
          <leafValues>
            5.6275522708892822e-01 -4.5212012529373169e-01</leafValues></_></weakClassifiers></_>
    <!-- stage 3 -->
    <_>
      <maxWeakCount>7</maxWeakCount>
      <stageThreshold>-5.2409762144088745e-01</stageThreshold>
      <weakClassifiers>
        <_>
          <internalNodes>
            0 -1 2 7.7119350433349609e-01</internalNodes>
          <leafValues>
            -4.6666666865348816e-01 7.4468082189559937e-01</leafValues></_>
        <_>
          <internalNodes>
            0 -1 1 4.1573204100131989e-02</internalNodes>
          <leafValues>
            -3.2833614945411682e-01 7.0423829555511475e-01</leafValues></_>
        <_>
          <internalNodes>
            0 -1 99 -9.6481814980506897e-03</internalNodes>
          <leafValues>
            5.5355846881866455e-01 -3.8141635060310364e-01</leafValues></_>
        <_>
          <internalNodes>
            0 -1 5 -1.2951795756816864e-01</internalNodes>
          <leafValues>
            8.7637442350387573e-01 -2.1176195144653320e-01</leafValues></_>
        <_>
          <internalNodes>
            0 -1 44 9.2851921916007996e-02</internalNodes>
          <leafValues>
            -3.1562295556068420e-01 5.8225876092910767e-01</leafValues></_>
        <_>
          <internalNodes>
            0 -1 76 4.8420894017908722e-05</internalNodes>
          <leafValues>
            -3.6569461226463318e-01 5.1390552520751953e-01</leafValues></_>
        <_>
          <internalNodes>
            0 -1 38 3.6668577231466770e-03</internalNodes>
          <leafValues>
            -2.6513069868087769e-01 6.4751929044723511e-01</leafValues></_></weakClassifiers></_>
    <!-- stage 4 -->
    <_>
      <maxWeakCount>5</maxWeakCount>
      <stageThreshold>-1.1005642414093018e+00</stageThreshold>
      <weakClassifiers>
        <_>
          <internalNodes>
            0 -1 27 4.3549913167953491e-01</internalNodes>
          <leafValues>
            -4.9152541160583496e-01 7.6470589637756348e-01</leafValues></_>
        <_>
          <internalNodes>
            0 -1 9 1.4568928629159927e-02</internalNodes>
          <leafValues>
            2.7851307392120361e-01 -6.7414516210556030e-01</leafValues></_>
        <_>
          <internalNodes>
            0 -1 128 5.7945796288549900e-03</internalNodes>
          <leafValues>
            -5.2633357048034668e-01 4.2178478837013245e-01</leafValues></_>
        <_>
          <internalNodes>
            0 -1 79 1.8536014249548316e-04</internalNodes>
          <leafValues>
            -5.0615686178207397e-01 4.3258875608444214e-01</leafValues></_>
        <_>
          <internalNodes>
            0 -1 15 4.1332194814458489e-04</internalNodes>
          <leafValues>
            1.4947840571403503e-01 -9.4562435150146484e-01</leafValues></_></weakClassifiers></_>
    <!-- stage 5 -->
    <_>
      <maxWeakCount>9</maxWeakCount>
      <stageThreshold>-6.8274378776550293e-01</stageThreshold>
      <weakClassifiers>
        <_>
          <internalNodes>
            0 -1 71 -5.7604413479566574e-02</internalNodes>
          <leafValues>
            5.2727270126342773e-01 -4.5689654350280762e-01</leafValues></_>
        <_>
          <internalNodes>
            0 -1 45 1.3862611725926399e-02</internalNodes>
          <leafValues>
            -3.3637967705726624e-01 5.1935821771621704e-01</leafValues></_>
        <_>
          <internalNodes>
            0 -1 37 -1.0166817903518677e-01</internalNodes>
          <leafValues>
            9.2529493570327759e-01 -2.0851409435272217e-01</leafValues></_>
        <_>
          <internalNodes>
            0 -1 13 -5.3011946380138397e-02</internalNodes>
          <leafValues>
            -6.4767414331436157e-01 3.2748445868492126e-01</leafValues></_>
        <_>
          <internalNodes>
            0 -1 85 -1.7512586200609803e-03</internalNodes>
          <leafValues>
            -7.0548933744430542e-01 2.5861021876335144e-01</leafValues></_>
        <_>
          <internalNodes>
            0 -1 58 -1.5746340155601501e-02</internalNodes>
          <leafValues>
            3.1685972213745117e-01 -4.8986613750457764e-01</leafValues></_>
        <_>
          <internalNodes>
            0 -1 43 1.4498267322778702e-02</internalNodes>
          <leafValues>
            2.7421593666076660e-01 -8.1033933162689209e-01</leafValues></_>
        <_>
          <internalNodes>
            0 -1 114 -1.7011994495987892e-03</internalNodes>
          <leafValues>
            3.2042905688285828e-01 -5.4587835073471069e-01</leafValues></_>
        <_>
          <internalNodes>
            0 -1 53 7.6155252754688263e-03</internalNodes>
          <leafValues>
            -3.1605949997901917e-01 7.7127486467361450e-01</leafValues></_></weakClassifiers></_>
    <!-- stage 6 -->
    <_>
      <maxWeakCount>6</maxWeakCount>
      <stageThreshold>-1.1369620561599731e+00</stageThreshold>
      <weakClassifiers>
        <_>
          <internalNodes>
            0 -1 24 -1.4562904834747314e-02</internalNodes>
          <leafValues>
            3.3333334326744080e-01 -5.2999997138977051e-01</leafValues></_>
        <_>
          <internalNodes>
            0 -1 75 -7.6924655586481094e-03</internalNodes>
          <leafValues>
            4.0831753611564636e-01 -4.4748982787132263e-01</leafValues></_>
        <_>
          <internalNodes>
            0 -1 101 4.9416103865951300e-04</internalNodes>
          <leafValues>
            -5.0634258985519409e-01 4.2042016983032227e-01</leafValues></_>
        <_>
          <internalNodes>
            0 -1 10 -1.1847359128296375e-02</internalNodes>
          <leafValues>
            -6.1726105213165283e-01 2.6847255229949951e-01</leafValues></_>
        <_>
          <internalNodes>
            0 -1 6 -1.6034029424190521e-02</internalNodes>
          <leafValues>
            4.1092100739479065e-01 -4.8678228259086609e-01</leafValues></_>
        <_>
          <internalNodes>
            0 -1 108 -2.2072778083384037e-03</internalNodes>
          <leafValues>
            5.3390133380889893e-01 -2.9815325140953064e-01</leafValues></_></weakClassifiers></_>
    <!-- stage 7 -->
    <_>
      <maxWeakCount>6</maxWeakCount>
      <stageThreshold>-5.3019869327545166e-01</stageThreshold>
      <weakClassifiers>
        <_>
          <internalNodes>
            0 -1 4 8.3595752716064453e-02</internalNodes>
          <leafValues>
            -4.8444443941116333e-01 5.1612901687622070e-01</leafValues></_>
        <_>
          <internalNodes>
            0 -1 67 5.8133376296609640e-04</internalNodes>
          <leafValues>
            1.6518667340278625e-01 -9.1774064302444458e-01</leafValues></_>
        <_>
          <internalNodes>
            0 -1 102 -9.1831330209970474e-03</internalNodes>
          <leafValues>
            4.4953569769859314e-01 -3.3563002943992615e-01</leafValues></_>
        <_>
          <internalNodes>
            0 -1 19 -3.0869945883750916e-02</internalNodes>
          <leafValues>
            6.1687403917312622e-01 -2.6350396871566772e-01</leafValues></_>
        <_>
          <internalNodes>
            0 -1 93 -1.6440064646303654e-03</internalNodes>
          <leafValues>
            -5.4797673225402832e-01 3.1855863332748413e-01</leafValues></_>
        <_>
          <internalNodes>
            0 -1 12 1.0893899016082287e-03</internalNodes>
          <leafValues>
            1.5751998126506805e-01 -9.3093907833099365e-01</leafValues></_></weakClassifiers></_>
    <!-- stage 8 -->
    <_>
      <maxWeakCount>8</maxWeakCount>
      <stageThreshold>-7.5263333320617676e-01</stageThreshold>
      <weakClassifiers>
        <_>
          <internalNodes>
            0 -1 17 -8.9898347854614258e-02</internalNodes>
          <leafValues>
            6.3636362552642822e-01 -4.3209877610206604e-01</leafValues></_>
        <_>
          <internalNodes>
            0 -1 23 1.4542020857334137e-02</internalNodes>
          <leafValues>
            -2.0711286365985870e-01 6.2911218404769897e-01</leafValues></_>
        <_>
          <internalNodes>
            0 -1 55 -3.0506546609103680e-03</internalNodes>
          <leafValues>
            3.0950337648391724e-01 -4.8426353931427002e-01</leafValues></_>
        <_>
          <internalNodes>
            0 -1 70 -3.3747457200661302e-04</internalNodes>
          <leafValues>
            3.6092168092727661e-01 -4.0177568793296814e-01</leafValues></_>
        <_>
          <internalNodes>
            0 -1 59 -6.7794951610267162e-03</internalNodes>
          <leafValues>
            5.5515354871749878e-01 -2.1481527388095856e-01</leafValues></_>
        <_>
          <internalNodes>
            0 -1 95 -1.4452715404331684e-03</internalNodes>
          <leafValues>
            -6.4812010526657104e-01 2.2652004659175873e-01</leafValues></_>
        <_>
          <internalNodes>
            0 -1 100 7.6498661655932665e-04</internalNodes>
          <leafValues>
            -4.0487200021743774e-01 4.0103128552436829e-01</leafValues></_>
        <_>
          <internalNodes>
            0 -1 78 -4.0892828255891800e-03</internalNodes>
          <leafValues>
            5.7721132040023804e-01 -2.8600814938545227e-01</leafValues></_></weakClassifiers></_>
    <!-- stage 9 -->
    <_>
      <maxWeakCount>5</maxWeakCount>
      <stageThreshold>-7.1574425697326660e-01</stageThreshold>
      <weakClassifiers>
        <_>
          <internalNodes>
            0 -1 18 -4.8137484118342400e-03</internalNodes>
          <leafValues>
            2.7058824896812439e-01 -4.9504950642585754e-01</leafValues></_>
        <_>
          <internalNodes>
            0 -1 124 4.3287579319439828e-04</internalNodes>
          <leafValues>
            1.3583840429782867e-01 -8.8528609275817871e-01</leafValues></_>
        <_>
          <internalNodes>
            0 -1 107 -1.1648813961073756e-03</internalNodes>
          <leafValues>
            4.4944414496421814e-01 -3.3461430668830872e-01</leafValues></_>
        <_>
          <internalNodes>
            0 -1 110 -1.8388627097010612e-02</internalNodes>
          <leafValues>
            8.7962931394577026e-01 -1.6607092320919037e-01</leafValues></_>
        <_>
          <internalNodes>
            0 -1 90 -4.0625005960464478e-02</internalNodes>
          <leafValues>
            3.8121810555458069e-01 -3.6651125550270081e-01</leafValues></_></weakClassifiers></_>
    <!-- stage 10 -->
    <_>
      <maxWeakCount>7</maxWeakCount>
      <stageThreshold>-6.3238656520843506e-01</stageThreshold>
      <weakClassifiers>
        <_>
          <internalNodes>
            0 -1 36 1.1008768528699875e-01</internalNodes>
          <leafValues>
            -4.1224488615989685e-01 5.7142859697341919e-01</leafValues></_>
        <_>
          <internalNodes>
            0 -1 87 -1.0823557153344154e-02</internalNodes>
          <leafValues>
            5.3877139091491699e-01 -2.4891814589500427e-01</leafValues></_>
        <_>
          <internalNodes>
            0 -1 54 1.5881747007369995e-02</internalNodes>
          <leafValues>
            -2.2505682706832886e-01 6.6999131441116333e-01</leafValues></_>
        <_>
          <internalNodes>
            0 -1 3 -1.3351137749850750e-03</internalNodes>
          <leafValues>
            -8.7763559818267822e-01 1.7207103967666626e-01</leafValues></_>
        <_>
          <internalNodes>
            0 -1 94 1.5691976295784116e-03</internalNodes>
          <leafValues>
            -2.3874975740909576e-01 7.2976046800613403e-01</leafValues></_>
        <_>
          <internalNodes>
            0 -1 74 7.7908299863338470e-03</internalNodes>
          <leafValues>
            -4.4312217831611633e-01 3.2858759164810181e-01</leafValues></_>
        <_>
          <internalNodes>
            0 -1 123 -6.4345274586230516e-04</internalNodes>
          <leafValues>
            -9.1974413394927979e-01 1.4658291637897491e-01</leafValues></_></weakClassifiers></_>
    <!-- stage 11 -->
    <_>
      <maxWeakCount>6</maxWeakCount>
      <stageThreshold>-5.1190602779388428e-01</stageThreshold>
      <weakClassifiers>
        <_>
          <internalNodes>
            0 -1 119 -2.7712630107998848e-03</internalNodes>
          <leafValues>
            3.6507937312126160e-01 -4.4642856717109680e-01</leafValues></_>
        <_>
          <internalNodes>
            0 -1 26 7.1583548560738564e-04</internalNodes>
          <leafValues>
            2.1930174529552460e-01 -6.3174223899841309e-01</leafValues></_>
        <_>
          <internalNodes>
            0 -1 112 5.6493887677788734e-04</internalNodes>
          <leafValues>
            -5.6076323986053467e-01 2.9446512460708618e-01</leafValues></_>
        <_>
          <internalNodes>
            0 -1 34 -4.5372277963906527e-04</internalNodes>
          <leafValues>
            -7.1736186742782593e-01 2.1281555294990540e-01</leafValues></_>
        <_>
          <internalNodes>
            0 -1 117 1.0207500308752060e-02</internalNodes>
          <leafValues>
            -3.9212602376937866e-01 4.1960203647613525e-01</leafValues></_>
        <_>
          <internalNodes>
            0 -1 120 6.8562954664230347e-02</internalNodes>
          <leafValues>
            -2.8126442432403564e-01 6.6250938177108765e-01</leafValues></_></weakClassifiers></_>
    <!-- stage 12 -->
    <_>
      <maxWeakCount>8</maxWeakCount>
      <stageThreshold>-8.7406742572784424e-01</stageThreshold>
      <weakClassifiers>
        <_>
          <internalNodes>
            0 -1 42 -1.0200746357440948e-02</internalNodes>
          <leafValues>
            7.2972971200942993e-01 -4.1600000858306885e-01</leafValues></_>
        <_>
          <internalNodes>
            0 -1 82 1.2837960384786129e-03</internalNodes>
          <leafValues>
            -4.6131640672683716e-01 3.2585087418556213e-01</leafValues></_>
        <_>
          <internalNodes>
            0 -1 39 7.6627181842923164e-03</internalNodes>
          <leafValues>
            -3.1675824522972107e-01 5.0907307863235474e-01</leafValues></_>
        <_>
          <internalNodes>
            0 -1 14 2.4541001766920090e-03</internalNodes>
          <leafValues>
            -2.0718178153038025e-01 6.0204285383224487e-01</leafValues></_>
        <_>
          <internalNodes>
            0 -1 28 -1.0781222023069859e-02</internalNodes>
          <leafValues>
            9.0886169672012329e-01 -1.5533457696437836e-01</leafValues></_>
        <_>
          <internalNodes>
            0 -1 0 8.6906831711530685e-03</internalNodes>
          <leafValues>
            2.2900798916816711e-01 -8.7664669752120972e-01</leafValues></_>
        <_>
          <internalNodes>
            0 -1 12 -3.8103110273368657e-04</internalNodes>
          <leafValues>
            -8.3763319253921509e-01 2.0872654020786285e-01</leafValues></_>
        <_>
          <internalNodes>
            0 -1 48 -3.5662844311445951e-04</internalNodes>
          <leafValues>
            3.3409768342971802e-01 -5.4237824678421021e-01</leafValues></_></weakClassifiers></_>
    <!-- stage 13 -->
    <_>
      <maxWeakCount>9</maxWeakCount>
      <stageThreshold>-4.7351339459419250e-01</stageThreshold>
      <weakClassifiers>
        <_>
          <internalNodes>
            0 -1 41 3.2526124268770218e-03</internalNodes>
          <leafValues>
            -4.5531913638114929e-01 5.7692307233810425e-01</leafValues></_>
        <_>
          <internalNodes>
            0 -1 16 -1.3900363817811012e-02</internalNodes>
          <leafValues>
            8.5338062047958374e-01 -1.9655080139636993e-01</leafValues></_>
        <_>
          <internalNodes>
            0 -1 35 -3.6233933642506599e-03</internalNodes>
          <leafValues>
            -7.5175327062606812e-01 2.4236401915550232e-01</leafValues></_>
        <_>
          <internalNodes>
            0 -1 61 -7.7358237467706203e-03</internalNodes>
          <leafValues>
            7.3727464675903320e-01 -2.4067974090576172e-01</leafValues></_>
        <_>
          <internalNodes>
            0 -1 11 -6.4587923698127270e-03</internalNodes>
          <leafValues>
            8.8760709762573242e-01 -1.5713264048099518e-01</leafValues></_>
        <_>
          <internalNodes>
            0 -1 68 -2.6706416159868240e-02</internalNodes>
          <leafValues>
            5.9446704387664795e-01 -2.7207887172698975e-01</leafValues></_>
        <_>
          <internalNodes>
            0 -1 7 4.7425581142306328e-03</internalNodes>
          <leafValues>
            3.1813663244247437e-01 -5.7144522666931152e-01</leafValues></_>
        <_>
          <internalNodes>
            0 -1 49 5.0043119117617607e-03</internalNodes>
          <leafValues>
            -2.8158780932426453e-01 6.1905217170715332e-01</leafValues></_>
        <_>
          <internalNodes>
            0 -1 29 -4.4133804738521576e-02</internalNodes>
          <leafValues>
            5.9237092733383179e-01 -2.9953536391258240e-01</leafValues></_></weakClassifiers></_>
    <!-- stage 14 -->
    <_>
      <maxWeakCount>6</maxWeakCount>
      <stageThreshold>-5.6925761699676514e-01</stageThreshold>
      <weakClassifiers>
        <_>
          <internalNodes>
            0 -1 52 -2.7228362858295441e-02</internalNodes>
          <leafValues>
            7.5757575035095215e-01 -4.0157479047775269e-01</leafValues></_>
        <_>
          <internalNodes>
            0 -1 22 -1.3881288468837738e-02</internalNodes>
          <leafValues>
            -1. 1.7507861554622650e-01</leafValues></_>
        <_>
          <internalNodes>
            0 -1 109 -6.2324025202542543e-04</internalNodes>
          <leafValues>
            -8.8505876064300537e-01 1.2853322923183441e-01</leafValues></_>
        <_>
          <internalNodes>
            0 -1 66 2.8696991503238678e-03</internalNodes>
          <leafValues>
            -2.9130643606185913e-01 6.6327947378158569e-01</leafValues></_>
        <_>
          <internalNodes>
            0 -1 64 -2.8739157132804394e-03</internalNodes>
          <leafValues>
            4.7708037495613098e-01 -3.4517973661422729e-01</leafValues></_>
        <_>
          <internalNodes>
            0 -1 60 -2.8456759173423052e-03</internalNodes>
          <leafValues>
            -6.5706861019134521e-01 3.3007022738456726e-01</leafValues></_></weakClassifiers></_>
    <!-- stage 15 -->
    <_>
      <maxWeakCount>7</maxWeakCount>
      <stageThreshold>-6.6379678249359131e-01</stageThreshold>
      <weakClassifiers>
        <_>
          <internalNodes>
            0 -1 88 -8.5961143486201763e-04</internalNodes>
          <leafValues>
            3.6111110448837280e-01 -4.7906976938247681e-01</leafValues></_>
        <_>
          <internalNodes>
            0 -1 96 1.7567176837474108e-03</internalNodes>
          <leafValues>
            1.7011608183383942e-01 -8.3368635177612305e-01</leafValues></_>
        <_>
          <internalNodes>
            0 -1 77 6.5295221284031868e-03</internalNodes>
          <leafValues>
            -2.0051525533199310e-01 8.7217837572097778e-01</leafValues></_>
        <_>
          <internalNodes>
            0 -1 46 -1.7937608063220978e-03</internalNodes>
          <leafValues>
            5.2031868696212769e-01 -3.1588804721832275e-01</leafValues></_>
        <_>
          <internalNodes>
            0 -1 84 7.4954435694962740e-04</internalNodes>
          <leafValues>
            1.9115810096263885e-01 -8.1009513139724731e-01</leafValues></_>
        <_>
          <internalNodes>
            0 -1 25 -2.0014040637761354e-03</internalNodes>
          <leafValues>
            4.1002312302589417e-01 -3.9849442243576050e-01</leafValues></_>
        <_>
          <internalNodes>
            0 -1 31 6.4413202926516533e-03</internalNodes>
          <leafValues>
            -2.7457448840141296e-01 7.5863134860992432e-01</leafValues></_></weakClassifiers></_>
    <!-- stage 16 -->
    <_>
      <maxWeakCount>7</maxWeakCount>
      <stageThreshold>-7.9769182205200195e-01</stageThreshold>
      <weakClassifiers>
        <_>
          <internalNodes>
            0 -1 62 -1.3839656114578247e-01</internalNodes>
          <leafValues>
            8.5185188055038452e-01 -3.8461539149284363e-01</leafValues></_>
        <_>
          <internalNodes>
            0 -1 91 -2.7972923126071692e-03</internalNodes>
          <leafValues>
            -9.2237246036529541e-01 1.2189139425754547e-01</leafValues></_>
        <_>
          <internalNodes>
            0 -1 65 -4.9651396693661809e-04</internalNodes>
          <leafValues>
            2.4524332582950592e-01 -5.6386649608612061e-01</leafValues></_>
        <_>
          <internalNodes>
            0 -1 115 -9.4137270934879780e-04</internalNodes>
          <leafValues>
            6.1370682716369629e-01 -2.9398164153099060e-01</leafValues></_>
        <_>
          <internalNodes>
            0 -1 105 -1.9387677311897278e-03</internalNodes>
          <leafValues>
            -5.7691276073455811e-01 3.6917951703071594e-01</leafValues></_>
        <_>
          <internalNodes>
            0 -1 126 6.5693852957338095e-04</internalNodes>
          <leafValues>
            -4.3321168422698975e-01 4.6775975823402405e-01</leafValues></_>
        <_>
          <internalNodes>
            0 -1 118 9.0815286966972053e-05</internalNodes>
          <leafValues>
            -3.6994799971580505e-01 5.2389490604400635e-01</leafValues></_></weakClassifiers></_>
    <!-- stage 17 -->
    <_>
      <maxWeakCount>8</maxWeakCount>
      <stageThreshold>-9.6642804145812988e-01</stageThreshold>
      <weakClassifiers>
        <_>
          <internalNodes>
            0 -1 72 2.1070044487714767e-02</internalNodes>
          <leafValues>
            -4.0392157435417175e-01 8.1250000000000000e-01</leafValues></_>
        <_>
          <internalNodes>
            0 -1 80 3.5494702751748264e-04</internalNodes>
          <leafValues>
            4.1978192329406738e-01 -3.9589777588844299e-01</leafValues></_>
        <_>
          <internalNodes>
            0 -1 33 6.9579080445691943e-04</internalNodes>
          <leafValues>
            2.4596956372261047e-01 -7.7568572759628296e-01</leafValues></_>
        <_>
          <internalNodes>
            0 -1 121 -3.3095560502260923e-03</internalNodes>
          <leafValues>
            5.8994293212890625e-01 -3.0413874983787537e-01</leafValues></_>
        <_>
          <internalNodes>
            0 -1 97 -1.8061287701129913e-03</internalNodes>
          <leafValues>
            5.3871017694473267e-01 -2.9633036255836487e-01</leafValues></_>
        <_>
          <internalNodes>
            0 -1 83 8.2567008212208748e-04</internalNodes>
          <leafValues>
            2.0078568160533905e-01 -8.3891433477401733e-01</leafValues></_>
        <_>
          <internalNodes>
            0 -1 30 1.7443851102143526e-03</internalNodes>
          <leafValues>
            -2.5007963180541992e-01 6.8413633108139038e-01</leafValues></_>
        <_>
          <internalNodes>
            0 -1 111 -3.9686113595962524e-03</internalNodes>
          <leafValues>
            -5.7849490642547607e-01 3.6301749944686890e-01</leafValues></_></weakClassifiers></_>
    <!-- stage 18 -->
    <_>
      <maxWeakCount>6</maxWeakCount>
      <stageThreshold>-9.7695350646972656e-01</stageThreshold>
      <weakClassifiers>
        <_>
          <internalNodes>
            0 -1 98 -1.3658525422215462e-02</internalNodes>
          <leafValues>
            7.5000000000000000e-01 -3.9607843756675720e-01</leafValues></_>
        <_>
          <internalNodes>
            0 -1 103 -4.0856655687093735e-03</internalNodes>
          <leafValues>
            -9.3076962232589722e-01 1.3078546524047852e-01</leafValues></_>
        <_>
          <internalNodes>
            0 -1 69 -4.8252781853079796e-03</internalNodes>
          <leafValues>
            5.0644183158874512e-01 -2.4975582957267761e-01</leafValues></_>
        <_>
          <internalNodes>
            0 -1 122 1.2741630198433995e-03</internalNodes>
          <leafValues>
            3.1173479557037354e-01 -5.7045626640319824e-01</leafValues></_>
        <_>
          <internalNodes>
            0 -1 51 -8.1184865848626941e-05</internalNodes>
          <leafValues>
            -3.6495950818061829e-01 4.2111712694168091e-01</leafValues></_>
        <_>
          <internalNodes>
            0 -1 57 9.6574134659022093e-04</internalNodes>
          <leafValues>
            -3.9708894491195679e-01 4.4750034809112549e-01</leafValues></_></weakClassifiers></_>
    <!-- stage 19 -->
    <_>
      <maxWeakCount>6</maxWeakCount>
      <stageThreshold>-8.7757289409637451e-01</stageThreshold>
      <weakClassifiers>
        <_>
          <internalNodes>
            0 -1 47 -3.0371421016752720e-03</internalNodes>
          <leafValues>
            4.2857143282890320e-01 -5.2380955219268799e-01</leafValues></_>
        <_>
          <internalNodes>
            0 -1 81 -1.7432812601327896e-02</internalNodes>
          <leafValues>
            7.0110070705413818e-01 -2.6385152339935303e-01</leafValues></_>
        <_>
          <internalNodes>
            0 -1 127 7.9795904457569122e-03</internalNodes>
          <leafValues>
            -5.5550324916839600e-01 3.6306658387184143e-01</leafValues></_>
        <_>
          <internalNodes>
            0 -1 125 2.5300402194261551e-03</internalNodes>
          <leafValues>
            -2.9926005005836487e-01 6.3669753074645996e-01</leafValues></_>
        <_>
          <internalNodes>
            0 -1 8 -2.4629352265037596e-04</internalNodes>
          <leafValues>
            -5.8518993854522705e-01 3.5218003392219543e-01</leafValues></_>
        <_>
          <internalNodes>
            0 -1 50 -5.5991613771766424e-04</internalNodes>
          <leafValues>
            4.6235987544059753e-01 -5.0448602437973022e-01</leafValues></_></weakClassifiers></_></stages>
  <features>
    <_>
      <rects>
        <_>
          0 0 4 8 -1.</_>
        <_>
          0 0 2 4 2.</_>
        <_>
          2 4 2 4 2.</_></rects>
      <tilted>0</tilted></_>
    <_>
      <rects>
        <_>
          0 0 10 12 -1.</_>
        <_>
          0 3 10 6 2.</_></rects>
      <tilted>0</tilted></_>
    <_>
      <rects>
        <_>
          0 1 15 21 -1.</_>
        <_>
          5 8 5 7 9.</_></rects>
      <tilted>0</tilted></_>
    <_>
      <rects>
        <_>
          0 2 3 1 -1.</_>
        <_>
          1 2 1 1 3.</_></rects>
      <tilted>0</tilted></_>
    <_>
      <rects>
        <_>
          0 7 10 10 -1.</_>
        <_>
          5 7 5 10 2.</_></rects>
      <tilted>0</tilted></_>
    <_>
      <rects>
        <_>
          0 12 16 9 -1.</_>
        <_>
          4 12 8 9 2.</_></rects>
      <tilted>0</tilted></_>
    <_>
      <rects>
        <_>
          0 16 12 5 -1.</_>
        <_>
          6 16 6 5 2.</_></rects>
      <tilted>0</tilted></_>
    <_>
      <rects>
        <_>
          0 20 16 12 -1.</_>
        <_>
          0 23 16 6 2.</_></rects>
      <tilted>0</tilted></_>
    <_>
      <rects>
        <_>
          0 21 2 1 -1.</_>
        <_>
          1 21 1 1 2.</_></rects>
      <tilted>0</tilted></_>
    <_>
      <rects>
        <_>
          0 28 14 4 -1.</_>
        <_>
          7 28 7 4 2.</_></rects>
      <tilted>0</tilted></_>
    <_>
      <rects>
        <_>
          0 29 16 3 -1.</_>
        <_>
          8 29 8 3 2.</_></rects>
      <tilted>0</tilted></_>
    <_>
      <rects>
        <_>
          0 29 12 3 -1.</_>
        <_>
          0 30 12 1 3.</_></rects>
      <tilted>0</tilted></_>
    <_>
      <rects>
        <_>
          0 31 3 1 -1.</_>
        <_>
          1 31 1 1 3.</_></rects>
      <tilted>0</tilted></_>
    <_>
      <rects>
        <_>
          1 12 10 20 -1.</_>
        <_>
          1 22 10 10 2.</_></rects>
      <tilted>0</tilted></_>
    <_>
      <rects>
        <_>
          1 15 9 2 -1.</_>
        <_>
          1 16 9 1 2.</_></rects>
      <tilted>0</tilted></_>
    <_>
      <rects>
        <_>
          1 31 2 1 -1.</_>
        <_>
          2 31 1 1 2.</_></rects>
      <tilted>0</tilted></_>
    <_>
      <rects>
        <_>
          2 3 14 4 -1.</_>
        <_>
          2 5 14 2 2.</_></rects>
      <tilted>0</tilted></_>
    <_>
      <rects>
        <_>
          2 5 6 24 -1.</_>
        <_>
          2 5 3 12 2.</_>
        <_>
          5 17 3 12 2.</_></rects>
      <tilted>0</tilted></_>
    <_>
      <rects>
        <_>
          2 9 4 2 -1.</_>
        <_>
          2 9 2 2 2.</_></rects>
      <tilted>1</tilted></_>
    <_>
      <rects>
        <_>
          2 10 9 9 -1.</_>
        <_>
          5 10 3 9 3.</_></rects>
      <tilted>0</tilted></_>
    <_>
      <rects>
        <_>
          2 11 12 21 -1.</_>
        <_>
          6 18 4 7 9.</_></rects>
      <tilted>0</tilted></_>
    <_>
      <rects>
        <_>
          2 15 8 3 -1.</_>
        <_>
          2 16 8 1 3.</_></rects>
      <tilted>0</tilted></_>
    <_>
      <rects>
        <_>
          2 17 14 1 -1.</_>
        <_>
          9 17 7 1 2.</_></rects>
      <tilted>0</tilted></_>
    <_>
      <rects>
        <_>
          2 19 6 8 -1.</_>
        <_>
          4 19 2 8 3.</_></rects>
      <tilted>0</tilted></_>
    <_>
      <rects>
        <_>
          2 25 9 4 -1.</_>
        <_>
          5 25 3 4 3.</_></rects>
      <tilted>0</tilted></_>
    <_>
      <rects>
        <_>
          2 28 8 4 -1.</_>
        <_>
          4 28 4 4 2.</_></rects>
      <tilted>0</tilted></_>
    <_>
      <rects>
        <_>
          2 31 6 1 -1.</_>
        <_>
          4 31 2 1 3.</_></rects>
      <tilted>0</tilted></_>
    <_>
      <rects>
        <_>
          3 0 9 21 -1.</_>
        <_>
          6 7 3 7 9.</_></rects>
      <tilted>0</tilted></_>
    <_>
      <rects>
        <_>
          3 15 4 6 -1.</_>
        <_>
          3 15 2 3 2.</_>
        <_>
          5 18 2 3 2.</_></rects>
      <tilted>0</tilted></_>
    <_>
      <rects>
        <_>
          3 18 9 13 -1.</_>
        <_>
          6 18 3 13 3.</_></rects>
      <tilted>0</tilted></_>
    <_>
      <rects>
        <_>
          3 20 3 3 -1.</_>
        <_>
          3 21 3 1 3.</_></rects>
      <tilted>0</tilted></_>
    <_>
      <rects>
        <_>
          3 25 12 4 -1.</_>
        <_>
          3 26 12 2 2.</_></rects>
      <tilted>0</tilted></_>
    <_>
      <rects>
        <_>
          3 26 7 6 -1.</_>
        <_>
          3 28 7 2 3.</_></rects>
      <tilted>0</tilted></_>
    <_>
      <rects>
        <_>
          3 30 2 2 -1.</_>
        <_>
          4 30 1 2 2.</_></rects>
      <tilted>0</tilted></_>
    <_>
      <rects>
        <_>
          3 31 4 1 -1.</_>
        <_>
          4 31 2 1 2.</_></rects>
      <tilted>0</tilted></_>
    <_>
      <rects>
        <_>
          4 0 3 4 -1.</_>
        <_>
          5 1 1 4 3.</_></rects>
      <tilted>1</tilted></_>
    <_>
      <rects>
        <_>
          4 4 12 3 -1.</_>
        <_>
          7 7 6 3 2.</_></rects>
      <tilted>1</tilted></_>
    <_>
      <rects>
        <_>
          4 4 12 4 -1.</_>
        <_>
          7 7 6 4 2.</_></rects>
      <tilted>1</tilted></_>
    <_>
      <rects>
        <_>
          4 5 4 1 -1.</_>
        <_>
          5 6 2 1 2.</_></rects>
      <tilted>1</tilted></_>
    <_>
      <rects>
        <_>
          4 6 8 3 -1.</_>
        <_>
          4 7 8 1 3.</_></rects>
      <tilted>0</tilted></_>
    <_>
      <rects>
        <_>
          4 7 6 4 -1.</_>
        <_>
          4 7 3 2 2.</_>
        <_>
          7 9 3 2 2.</_></rects>
      <tilted>0</tilted></_>
    <_>
      <rects>
        <_>
          4 12 2 3 -1.</_>
        <_>
          5 12 1 3 2.</_></rects>
      <tilted>0</tilted></_>
    <_>
      <rects>
        <_>
          4 22 4 6 -1.</_>
        <_>
          5 22 2 6 2.</_></rects>
      <tilted>0</tilted></_>
    <_>
      <rects>
        <_>
          4 28 12 4 -1.</_>
        <_>
          8 28 4 4 3.</_></rects>
      <tilted>0</tilted></_>
    <_>
      <rects>
        <_>
          5 1 10 15 -1.</_>
        <_>
          5 6 10 5 3.</_></rects>
      <tilted>0</tilted></_>
    <_>
      <rects>
        <_>
          5 4 8 1 -1.</_>
        <_>
          7 6 4 1 2.</_></rects>
      <tilted>1</tilted></_>
    <_>
      <rects>
        <_>
          5 4 6 1 -1.</_>
        <_>
          8 4 3 1 2.</_></rects>
      <tilted>0</tilted></_>
    <_>
      <rects>
        <_>
          5 8 8 2 -1.</_>
        <_>
          5 9 8 1 2.</_></rects>
      <tilted>0</tilted></_>
    <_>
      <rects>
        <_>
          5 9 1 4 -1.</_>
        <_>
          5 10 1 2 2.</_></rects>
      <tilted>0</tilted></_>
    <_>
      <rects>
        <_>
          5 12 3 5 -1.</_>
        <_>
          6 13 1 5 3.</_></rects>
      <tilted>1</tilted></_>
    <_>
      <rects>
        <_>
          5 16 5 3 -1.</_>
        <_>
          5 17 5 1 3.</_></rects>
      <tilted>0</tilted></_>
    <_>
      <rects>
        <_>
          5 19 7 3 -1.</_>
        <_>
          4 20 7 1 3.</_></rects>
      <tilted>1</tilted></_>
    <_>
      <rects>
        <_>
          5 20 6 6 -1.</_>
        <_>
          7 20 2 6 3.</_></rects>
      <tilted>0</tilted></_>
    <_>
      <rects>
        <_>
          5 21 6 4 -1.</_>
        <_>
          7 21 2 4 3.</_></rects>
      <tilted>0</tilted></_>
    <_>
      <rects>
        <_>
          5 23 6 9 -1.</_>
        <_>
          7 23 2 9 3.</_></rects>
      <tilted>0</tilted></_>
    <_>
      <rects>
        <_>
          5 25 2 4 -1.</_>
        <_>
          5 25 2 2 2.</_></rects>
      <tilted>1</tilted></_>
    <_>
      <rects>
        <_>
          5 28 2 4 -1.</_>
        <_>
          5 30 2 2 2.</_></rects>
      <tilted>0</tilted></_>
    <_>
      <rects>
        <_>
          5 30 4 2 -1.</_>
        <_>
          5 31 4 1 2.</_></rects>
      <tilted>0</tilted></_>
    <_>
      <rects>
        <_>
          6 0 5 6 -1.</_>
        <_>
          6 0 5 3 2.</_></rects>
      <tilted>1</tilted></_>
    <_>
      <rects>
        <_>
          6 3 6 4 -1.</_>
        <_>
          6 4 6 2 2.</_></rects>
      <tilted>0</tilted></_>
    <_>
      <rects>
        <_>
          6 4 2 3 -1.</_>
        <_>
          5 5 2 1 3.</_></rects>
      <tilted>1</tilted></_>
    <_>
      <rects>
        <_>
          6 10 4 4 -1.</_>
        <_>
          7 11 2 4 2.</_></rects>
      <tilted>1</tilted></_>
    <_>
      <rects>
        <_>
          6 10 7 20 -1.</_>
        <_>
          6 15 7 10 2.</_></rects>
      <tilted>0</tilted></_>
    <_>
      <rects>
        <_>
          6 18 4 14 -1.</_>
        <_>
          6 25 4 7 2.</_></rects>
      <tilted>0</tilted></_>
    <_>
      <rects>
        <_>
          6 26 6 2 -1.</_>
        <_>
          8 26 2 2 3.</_></rects>
      <tilted>0</tilted></_>
    <_>
      <rects>
        <_>
          6 26 2 4 -1.</_>
        <_>
          6 26 2 2 2.</_></rects>
      <tilted>1</tilted></_>
    <_>
      <rects>
        <_>
          6 27 6 3 -1.</_>
        <_>
          8 27 2 3 3.</_></rects>
      <tilted>0</tilted></_>
    <_>
      <rects>
        <_>
          6 31 3 1 -1.</_>
        <_>
          7 31 1 1 3.</_></rects>
      <tilted>0</tilted></_>
    <_>
      <rects>
        <_>
          7 0 8 16 -1.</_>
        <_>
          9 0 4 16 2.</_></rects>
      <tilted>0</tilted></_>
    <_>
      <rects>
        <_>
          7 1 4 15 -1.</_>
        <_>
          8 1 2 15 2.</_></rects>
      <tilted>0</tilted></_>
    <_>
      <rects>
        <_>
          7 2 3 4 -1.</_>
        <_>
          8 2 1 4 3.</_></rects>
      <tilted>0</tilted></_>
    <_>
      <rects>
        <_>
          7 2 6 9 -1.</_>
        <_>
          9 5 2 3 9.</_></rects>
      <tilted>0</tilted></_>
    <_>
      <rects>
        <_>
          7 4 3 6 -1.</_>
        <_>
          8 5 1 6 3.</_></rects>
      <tilted>1</tilted></_>
    <_>
      <rects>
        <_>
          7 4 9 7 -1.</_>
        <_>
          10 7 3 7 3.</_></rects>
      <tilted>1</tilted></_>
    <_>
      <rects>
        <_>
          7 8 8 10 -1.</_>
        <_>
          7 8 4 5 2.</_>
        <_>
          11 13 4 5 2.</_></rects>
      <tilted>0</tilted></_>
    <_>
      <rects>
        <_>
          7 9 8 3 -1.</_>
        <_>
          11 9 4 3 2.</_></rects>
      <tilted>0</tilted></_>
    <_>
      <rects>
        <_>
          7 11 9 4 -1.</_>
        <_>
          7 13 9 2 2.</_></rects>
      <tilted>0</tilted></_>
    <_>
      <rects>
        <_>
          7 15 9 3 -1.</_>
        <_>
          7 16 9 1 3.</_></rects>
      <tilted>0</tilted></_>
    <_>
      <rects>
        <_>
          7 16 3 2 -1.</_>
        <_>
          8 17 1 2 3.</_></rects>
      <tilted>1</tilted></_>
    <_>
      <rects>
        <_>
          7 18 6 1 -1.</_>
        <_>
          10 18 3 1 2.</_></rects>
      <tilted>0</tilted></_>
    <_>
      <rects>
        <_>
          7 20 4 6 -1.</_>
        <_>
          7 20 2 6 2.</_></rects>
      <tilted>1</tilted></_>
    <_>
      <rects>
        <_>
          7 22 6 8 -1.</_>
        <_>
          9 22 2 8 3.</_></rects>
      <tilted>0</tilted></_>
    <_>
      <rects>
        <_>
          7 26 1 6 -1.</_>
        <_>
          7 29 1 3 2.</_></rects>
      <tilted>0</tilted></_>
    <_>
      <rects>
        <_>
          7 30 2 2 -1.</_>
        <_>
          8 30 1 2 2.</_></rects>
      <tilted>0</tilted></_>
    <_>
      <rects>
        <_>
          7 31 4 1 -1.</_>
        <_>
          8 31 2 1 2.</_></rects>
      <tilted>0</tilted></_>
    <_>
      <rects>
        <_>
          7 31 8 1 -1.</_>
        <_>
          9 31 4 1 2.</_></rects>
      <tilted>0</tilted></_>
    <_>
      <rects>
        <_>
          8 4 8 8 -1.</_>
        <_>
          10 6 4 8 2.</_></rects>
      <tilted>1</tilted></_>
    <_>
      <rects>
        <_>
          8 5 4 6 -1.</_>
        <_>
          9 6 2 6 2.</_></rects>
      <tilted>1</tilted></_>
    <_>
      <rects>
        <_>
          8 7 2 2 -1.</_>
        <_>
          8 7 1 1 2.</_>
        <_>
          9 8 1 1 2.</_></rects>
      <tilted>0</tilted></_>
    <_>
      <rects>
        <_>
          8 14 8 16 -1.</_>
        <_>
          12 14 4 16 2.</_></rects>
      <tilted>0</tilted></_>
    <_>
      <rects>
        <_>
          8 16 7 8 -1.</_>
        <_>
          8 16 7 4 2.</_></rects>
      <tilted>1</tilted></_>
    <_>
      <rects>
        <_>
          8 20 3 3 -1.</_>
        <_>
          8 21 3 1 3.</_></rects>
      <tilted>0</tilted></_>
    <_>
      <rects>
        <_>
          9 4 3 6 -1.</_>
        <_>
          7 6 3 2 3.</_></rects>
      <tilted>1</tilted></_>
    <_>
      <rects>
        <_>
          9 6 5 3 -1.</_>
        <_>
          8 7 5 1 3.</_></rects>
      <tilted>1</tilted></_>
    <_>
      <rects>
        <_>
          9 7 4 2 -1.</_>
        <_>
          9 7 2 1 2.</_>
        <_>
          11 8 2 1 2.</_></rects>
      <tilted>0</tilted></_>
    <_>
      <rects>
        <_>
          9 11 2 6 -1.</_>
        <_>
          9 11 1 3 2.</_>
        <_>
          10 14 1 3 2.</_></rects>
      <tilted>0</tilted></_>
    <_>
      <rects>
        <_>
          9 14 2 2 -1.</_>
        <_>
          10 14 1 2 2.</_></rects>
      <tilted>0</tilted></_>
    <_>
      <rects>
        <_>
          9 16 5 3 -1.</_>
        <_>
          9 17 5 1 3.</_></rects>
      <tilted>0</tilted></_>
    <_>
      <rects>
        <_>
          9 18 4 11 -1.</_>
        <_>
          11 18 2 11 2.</_></rects>
      <tilted>0</tilted></_>
    <_>
      <rects>
        <_>
          9 25 4 3 -1.</_>
        <_>
          9 25 2 3 2.</_></rects>
      <tilted>1</tilted></_>
    <_>
      <rects>
        <_>
          9 29 4 1 -1.</_>
        <_>
          11 29 2 1 2.</_></rects>
      <tilted>0</tilted></_>
    <_>
      <rects>
        <_>
          9 29 2 2 -1.</_>
        <_>
          9 30 2 1 2.</_></rects>
      <tilted>0</tilted></_>
    <_>
      <rects>
        <_>
          10 9 6 6 -1.</_>
        <_>
          12 9 2 6 3.</_></rects>
      <tilted>0</tilted></_>
    <_>
      <rects>
        <_>
          10 27 6 5 -1.</_>
        <_>
          13 27 3 5 2.</_></rects>
      <tilted>0</tilted></_>
    <_>
      <rects>
        <_>
          10 29 6 1 -1.</_>
        <_>
          12 29 2 1 3.</_></rects>
      <tilted>0</tilted></_>
    <_>
      <rects>
        <_>
          11 1 3 1 -1.</_>
        <_>
          12 2 1 1 3.</_></rects>
      <tilted>1</tilted></_>
    <_>
      <rects>
        <_>
          11 4 4 3 -1.</_>
        <_>
          12 5 2 3 2.</_></rects>
      <tilted>1</tilted></_>
    <_>
      <rects>
        <_>
          11 6 1 3 -1.</_>
        <_>
          10 7 1 1 3.</_></rects>
      <tilted>1</tilted></_>
    <_>
      <rects>
        <_>
          11 17 3 6 -1.</_>
        <_>
          12 17 1 6 3.</_></rects>
      <tilted>0</tilted></_>
    <_>
      <rects>
        <_>
          12 0 2 2 -1.</_>
        <_>
          12 0 1 1 2.</_>
        <_>
          13 1 1 1 2.</_></rects>
      <tilted>0</tilted></_>
    <_>
      <rects>
        <_>
          12 0 3 6 -1.</_>
        <_>
          13 1 1 6 3.</_></rects>
      <tilted>1</tilted></_>
    <_>
      <rects>
        <_>
          12 1 4 10 -1.</_>
        <_>
          13 1 2 10 2.</_></rects>
      <tilted>0</tilted></_>
    <_>
      <rects>
        <_>
          12 4 4 4 -1.</_>
        <_>
          13 5 2 4 2.</_></rects>
      <tilted>1</tilted></_>
    <_>
      <rects>
        <_>
          12 10 4 10 -1.</_>
        <_>
          13 11 2 10 2.</_></rects>
      <tilted>1</tilted></_>
    <_>
      <rects>
        <_>
          12 13 3 5 -1.</_>
        <_>
          13 14 1 5 3.</_></rects>
      <tilted>1</tilted></_>
    <_>
      <rects>
        <_>
          12 15 1 2 -1.</_>
        <_>
          12 15 1 1 2.</_></rects>
      <tilted>1</tilted></_>
    <_>
      <rects>
        <_>
          12 28 4 3 -1.</_>
        <_>
          14 28 2 3 2.</_></rects>
      <tilted>0</tilted></_>
    <_>
      <rects>
        <_>
          13 0 3 10 -1.</_>
        <_>
          13 5 3 5 2.</_></rects>
      <tilted>0</tilted></_>
    <_>
      <rects>
        <_>
          13 8 3 4 -1.</_>
        <_>
          13 10 3 2 2.</_></rects>
      <tilted>0</tilted></_>
    <_>
      <rects>
        <_>
          13 12 1 4 -1.</_>
        <_>
          13 12 1 2 2.</_></rects>
      <tilted>1</tilted></_>
    <_>
      <rects>
        <_>
          13 12 3 20 -1.</_>
        <_>
          13 22 3 10 2.</_></rects>
      <tilted>0</tilted></_>
    <_>
      <rects>
        <_>
          13 21 1 9 -1.</_>
        <_>
          13 24 1 3 3.</_></rects>
      <tilted>0</tilted></_>
    <_>
      <rects>
        <_>
          13 23 2 8 -1.</_>
        <_>
          13 23 1 4 2.</_>
        <_>
          14 27 1 4 2.</_></rects>
      <tilted>0</tilted></_>
    <_>
      <rects>
        <_>
          13 27 3 1 -1.</_>
        <_>
          14 27 1 1 3.</_></rects>
      <tilted>0</tilted></_>
    <_>
      <rects>
        <_>
          13 31 2 1 -1.</_>
        <_>
          14 31 1 1 2.</_></rects>
      <tilted>0</tilted></_>
    <_>
      <rects>
        <_>
          14 6 1 8 -1.</_>
        <_>
          14 10 1 4 2.</_></rects>
      <tilted>0</tilted></_>
    <_>
      <rects>
        <_>
          14 8 1 2 -1.</_>
        <_>
          14 8 1 1 2.</_></rects>
      <tilted>1</tilted></_>
    <_>
      <rects>
        <_>
          14 12 2 20 -1.</_>
        <_>
          14 22 2 10 2.</_></rects>
      <tilted>0</tilted></_>
    <_>
      <rects>
        <_>
          14 14 1 18 -1.</_>
        <_>
          14 23 1 9 2.</_></rects>
      <tilted>0</tilted></_></features></cascade>
</opencv_storage>
