<?xml version="1.0" encoding="UTF-8"?>
<opencv_storage>
<DefaultArgument>
 
	<PedestrianFilename> pedestrian.xml </PedestrianFilename>
	<VehicleFilename> car.xml </VehicleFilename>
	<LicencePlateName> licenseplate.xml </LicencePlateName>
	<OBDPortName> /dev/pts/6 </OBDPortName>
	<VideoFilename> MOVI0014.avi </VideoFilename>
	<HistogramTemplateImage> template.jpg </HistogramTemplateImage>
	<ShowDetectedPedestrian> false </ShowDetectedPedestrian>
	<ShowDetectedVehicle> false </ShowDetectedVehicle>
	<ShowDetectedAll> true </ShowDetectedAll>
	<ShowROIelemination> false </ShowROIelemination>
	<HistogramComparision> false </HistogramComparision>
	<Imageclassification> false </Imageclassification>
	<HeightROI> 1</HeightROI>
	<MPSFlag> false </MPSFlag>
	<PedestrianDetectionScale> 1.03 </PedestrianDetectionScale>
	<LicencePlateDetectionScale> 1.08 </LicencePlateDetectionScale>
	<VehicleDetectionScale> 1.1</VehicleDetectionScale>
	<PedestrianDetectionminSize> 16</PedestrianDetectionminSize>
	<VehicleDetectionminSize> 24 </VehicleDetectionminSize>
	<Choice> 1 </Choice>
	<mode> 0 </mode>
	<keypad> false </keypad>
	<displayvideo> false </displayvideo>
	<citymode> 1 </citymode>
	<highwaymode> 0 </highwaymode >
	<displayVideo>0 </displayVideo>
	<recordmin> 5 </recordmin>
	<InvertVideo> false </InvertVideo>
	<Key1> 1 </Key1>
	<Key2> 4 </Key2>
	<Key3> 5  </Key3>
	<ModeSwitch> 1 </ModeSwitch>
	

</DefaultArgument>
</opencv_storage>
